[
{
  "model": "service_development.voicelabel",
  "pk": 1,
  "fields": {
    "name": "Dutch language",
    "description": "Nederlandse taal"
  }
},
{
  "model": "service_development.voicelabel",
  "pk": 2,
  "fields": {
    "name": "General error message",
    "description": ""
  }
},
{
  "model": "service_development.voicelabel",
  "pk": 4,
  "fields": {
    "name": "English language",
    "description": ""
  }
},
{
  "model": "service_development.voicelabel",
  "pk": 5,
  "fields": {
    "name": "Thank you for using this service",
    "description": ""
  }
},
{
  "model": "service_development.voicelabel",
  "pk": 7,
  "fields": {
    "name": "French language",
    "description": ""
  }
},
{
  "model": "service_development.voicelabel",
  "pk": 8,
  "fields": {
    "name": "Please select your language",
    "description": ""
  }
},
{
  "model": "service_development.voicelabel",
  "pk": 9,
  "fields": {
    "name": "Pre Choice Option",
    "description": ""
  }
},
{
  "model": "service_development.voicelabel",
  "pk": 10,
  "fields": {
    "name": "Post Choice Option",
    "description": ""
  }
},
{
  "model": "service_development.voicelabel",
  "pk": 11,
  "fields": {
    "name": "One",
    "description": ""
  }
},
{
  "model": "service_development.voicelabel",
  "pk": 12,
  "fields": {
    "name": "Two",
    "description": ""
  }
},
{
  "model": "service_development.voicelabel",
  "pk": 13,
  "fields": {
    "name": "Three",
    "description": ""
  }
},
{
  "model": "service_development.voicelabel",
  "pk": 14,
  "fields": {
    "name": "Four",
    "description": ""
  }
},
{
  "model": "service_development.voicelabel",
  "pk": 15,
  "fields": {
    "name": "Five",
    "description": ""
  }
},
{
  "model": "service_development.voicelabel",
  "pk": 16,
  "fields": {
    "name": "Six",
    "description": ""
  }
},
{
  "model": "service_development.voicelabel",
  "pk": 17,
  "fields": {
    "name": "Seven",
    "description": ""
  }
},
{
  "model": "service_development.voicelabel",
  "pk": 18,
  "fields": {
    "name": "Eight",
    "description": ""
  }
},
{
  "model": "service_development.voicelabel",
  "pk": 19,
  "fields": {
    "name": "Nine",
    "description": ""
  }
},
{
  "model": "service_development.voicelabel",
  "pk": 20,
  "fields": {
    "name": "Zero",
    "description": null
  }
},
{
  "model": "service_development.voicelabel",
  "pk": 21,
  "fields": {
    "name": "Yes account",
    "description": null
  }
},
{
  "model": "service_development.voicelabel",
  "pk": 22,
  "fields": {
    "name": "No account",
    "description": null
  }
},
{
  "model": "service_development.voicelabel",
  "pk": 25,
  "fields": {
    "name": "Please speak your message",
    "description": ""
  }
},
{
  "model": "service_development.voicelabel",
  "pk": 26,
  "fields": {
    "name": "You're now logged in.",
    "description": null
  }
},
{
  "model": "service_development.voicelabel",
  "pk": 27,
  "fields": {
    "name": "Let's make an account.",
    "description": null
  }
},
{
  "model": "service_development.voicelabel",
  "pk": 28,
  "fields": {
    "name": "Hello farmer! Are you already registered?",
    "description": null
  }
},
{
  "model": "service_development.voicelabel",
  "pk": 30,
  "fields": {
    "name": "This is the main menu.",
    "description": "Main menu with menu options."
  }
},
{
  "model": "service_development.voicelabel",
  "pk": 31,
  "fields": {
    "name": "Yes",
    "description": null
  }
},
{
  "model": "service_development.voicelabel",
  "pk": 32,
  "fields": {
    "name": "No",
    "description": null
  }
},
{
  "model": "service_development.voicelabel",
  "pk": 34,
  "fields": {
    "name": "How many newborns?",
    "description": null
  }
},
{
  "model": "service_development.voicelabel",
  "pk": 35,
  "fields": {
    "name": "Are your chickens born today?",
    "description": null
  }
},
{
  "model": "service_development.voicelabel",
  "pk": 36,
  "fields": {
    "name": "Your information is added to your profile.",
    "description": null
  }
},
{
  "model": "service_development.voicelabel",
  "pk": 37,
  "fields": {
    "name": "How many days ago were your chickens born?",
    "description": null
  }
},
{
  "model": "service_development.voicelabel",
  "pk": 38,
  "fields": {
    "name": "End menu prompt",
    "description": null
  }
},
{
  "model": "service_development.voicelabel",
  "pk": 39,
  "fields": {
    "name": "End call prompt",
    "description": "Thank you for using our program. This call will now be ended."
  }
},
{
  "model": "service_development.voicelabel",
  "pk": 40,
  "fields": {
    "name": "You would like to enter newborn chicks.",
    "description": null
  }
},
{
  "model": "service_development.voicelabel",
  "pk": 41,
  "fields": {
    "name": "You would like to report a disease.",
    "description": null
  }
},
{
  "model": "service_development.voicelabel",
  "pk": 42,
  "fields": {
    "name": "You would like to enter new vaccination date.",
    "description": null
  }
},
{
  "model": "service_development.voicelabel",
  "pk": 43,
  "fields": {
    "name": "We will send you back to the main menu.",
    "description": null
  }
},
{
  "model": "service_development.voicelabel",
  "pk": 45,
  "fields": {
    "name": "To create an account.",
    "description": "To create an account, please say your first and last name."
  }
},
{
  "model": "service_development.voicelabel",
  "pk": 47,
  "fields": {
    "name": "What disease?",
    "description": null
  }
},
{
  "model": "service_development.voicelabel",
  "pk": 48,
  "fields": {
    "name": "Amount infected?",
    "description": null
  }
},
{
  "model": "service_development.voicelabel",
  "pk": 49,
  "fields": {
    "name": "Thank report disease.",
    "description": null
  }
},
{
  "model": "service_development.voicelabel",
  "pk": 50,
  "fields": {
    "name": "Another disease?",
    "description": null
  }
},
{
  "model": "service_development.voicelabel",
  "pk": 51,
  "fields": {
    "name": "Alright, thank you.",
    "description": null
  }
},
{
  "model": "service_development.voicelabel",
  "pk": 52,
  "fields": {
    "name": "Amount vaccinated?",
    "description": null
  }
},
{
  "model": "service_development.voicelabel",
  "pk": 53,
  "fields": {
    "name": "Vaccinated today?",
    "description": null
  }
},
{
  "model": "service_development.voicelabel",
  "pk": 54,
  "fields": {
    "name": "Thank report vaccination",
    "description": null
  }
},
{
  "model": "service_development.voicelabel",
  "pk": 55,
  "fields": {
    "name": "How many days ago were your chicken vaccinated?",
    "description": null
  }
},
{
  "model": "service_development.voicelabel",
  "pk": 57,
  "fields": {
    "name": "Account created",
    "description": "You have just created an account."
  }
},
{
  "model": "service_development.voicelabel",
  "pk": 59,
  "fields": {
    "name": "amount infected",
    "description": null
  }
},
{
  "model": "service_development.voicelabel",
  "pk": 61,
  "fields": {
    "name": "Ask name",
    "description": "To register as a new user, please say your first and last name."
  }
},
{
  "model": "service_development.voicelabel",
  "pk": 62,
  "fields": {
    "name": "Ask confirmation name",
    "description": "Is this correct? Press 1 to confirm, or press 2 to retry."
  }
},
{
  "model": "service_development.voicelabel",
  "pk": 63,
  "fields": {
    "name": "Repeat name",
    "description": "Your name is:"
  }
},
{
  "model": "service_development.voicelabel",
  "pk": 64,
  "fields": {
    "name": "Final registration",
    "description": "Thank you for registering for our service! Your account has been created."
  }
},
{
  "model": "service_development.voicelabel",
  "pk": 65,
  "fields": {
    "name": "Did not hear",
    "description": "Sorry, I didn't hear anything."
  }
},
{
  "model": "service_development.voicelabel",
  "pk": 66,
  "fields": {
    "name": "Ask to submit batch",
    "description": "To make use of our vaccination reminder service, please press 1 to register your newborn chicken batch. Press 2, to end this call."
  }
},
{
  "model": "service_development.voicelabel",
  "pk": 67,
  "fields": {
    "name": "Batch days ago",
    "description": "How many days ago was this new chicken batch born? Enter a number of days ago."
  }
},
{
  "model": "service_development.voicelabel",
  "pk": 68,
  "fields": {
    "name": "Batch is submitted + first advice",
    "description": "Thank you, your new chicken batch is submitted. For today, you should vaccinate this new batch immediately with PESTOS against Newcastle Disease. For the other vaccinations, we will send you a reminder 2 days before the vaccination day."
  }
},
{
  "model": "service_development.voicelabel",
  "pk": 69,
  "fields": {
    "name": "Welcome user",
    "description": "Hello farmer! Welcome to VP: our chicken vaccination program."
  }
},
{
  "model": "service_development.language",
  "pk": 1,
  "fields": {
    "name": "Nederlands",
    "code": "nl",
    "voice_label": 1,
    "error_message": 2,
    "select_language": 8,
    "pre_choice_option": 9,
    "post_choice_option": 10,
    "one": 11,
    "two": 12,
    "three": 13,
    "four": 14,
    "five": 15,
    "six": 16,
    "seven": 17,
    "eight": 18,
    "nine": 19,
    "zero": 20,
    "ask_name": null,
    "ask_confirmation": null,
    "repeat": null,
    "final": null,
    "did_not_hear": null,
    "ask_submit_batch": null,
    "batch_days_ago": null,
    "thank_you_submitted": null,
    "welcome_user": null,
    "end_call": null
  }
},
{
  "model": "service_development.language",
  "pk": 2,
  "fields": {
    "name": "English",
    "code": "en",
    "voice_label": 4,
    "error_message": 2,
    "select_language": 8,
    "pre_choice_option": 9,
    "post_choice_option": 10,
    "one": 11,
    "two": 12,
    "three": 13,
    "four": 14,
    "five": 15,
    "six": 16,
    "seven": 17,
    "eight": 18,
    "nine": 19,
    "zero": 20,
    "ask_name": 61,
    "ask_confirmation": 62,
    "repeat": 63,
    "final": 64,
    "did_not_hear": 65,
    "ask_submit_batch": 66,
    "batch_days_ago": 67,
    "thank_you_submitted": 68,
    "welcome_user": 69,
    "end_call": 39
  }
},
{
  "model": "service_development.language",
  "pk": 3,
  "fields": {
    "name": "Francais",
    "code": "fr",
    "voice_label": 7,
    "error_message": 2,
    "select_language": 8,
    "pre_choice_option": 9,
    "post_choice_option": 10,
    "one": 11,
    "two": 12,
    "three": 13,
    "four": 14,
    "five": 15,
    "six": 16,
    "seven": 17,
    "eight": 18,
    "nine": 19,
    "zero": 20,
    "ask_name": 61,
    "ask_confirmation": 62,
    "repeat": 63,
    "final": 64,
    "did_not_hear": 65,
    "ask_submit_batch": 66,
    "batch_days_ago": 67,
    "thank_you_submitted": 68,
    "welcome_user": 69,
    "end_call": 39
  }
},
{
  "model": "service_development.voicefragment",
  "pk": 6,
  "fields": {
    "parent": 22,
    "language": 1,
    "audio": "no_nl.wav"
  }
},
{
  "model": "service_development.voicefragment",
  "pk": 7,
  "fields": {
    "parent": 22,
    "language": 2,
    "audio": "no_en_J3poNiZ.wav"
  }
},
{
  "model": "service_development.voicefragment",
  "pk": 8,
  "fields": {
    "parent": 22,
    "language": 3,
    "audio": "no_fr_8dqXMbr.wav"
  }
},
{
  "model": "service_development.voicefragment",
  "pk": 9,
  "fields": {
    "parent": 21,
    "language": 1,
    "audio": "yes_nl.wav"
  }
},
{
  "model": "service_development.voicefragment",
  "pk": 10,
  "fields": {
    "parent": 21,
    "language": 2,
    "audio": "yes_en_As1A6vI.wav"
  }
},
{
  "model": "service_development.voicefragment",
  "pk": 11,
  "fields": {
    "parent": 21,
    "language": 3,
    "audio": "yes_fr_dd5xBhn.wav"
  }
},
{
  "model": "service_development.voicefragment",
  "pk": 12,
  "fields": {
    "parent": 20,
    "language": 1,
    "audio": "0_nl.wav"
  }
},
{
  "model": "service_development.voicefragment",
  "pk": 13,
  "fields": {
    "parent": 20,
    "language": 2,
    "audio": "0_en.wav"
  }
},
{
  "model": "service_development.voicefragment",
  "pk": 14,
  "fields": {
    "parent": 20,
    "language": 3,
    "audio": "0_fr.wav"
  }
},
{
  "model": "service_development.voicefragment",
  "pk": 15,
  "fields": {
    "parent": 19,
    "language": 1,
    "audio": "9_nl.wav"
  }
},
{
  "model": "service_development.voicefragment",
  "pk": 16,
  "fields": {
    "parent": 19,
    "language": 2,
    "audio": "9_fr.wav"
  }
},
{
  "model": "service_development.voicefragment",
  "pk": 17,
  "fields": {
    "parent": 19,
    "language": 3,
    "audio": "9_en.wav"
  }
},
{
  "model": "service_development.voicefragment",
  "pk": 18,
  "fields": {
    "parent": 18,
    "language": 1,
    "audio": "8_nl.wav"
  }
},
{
  "model": "service_development.voicefragment",
  "pk": 19,
  "fields": {
    "parent": 18,
    "language": 2,
    "audio": "8_en.wav"
  }
},
{
  "model": "service_development.voicefragment",
  "pk": 20,
  "fields": {
    "parent": 18,
    "language": 3,
    "audio": "8_fr.wav"
  }
},
{
  "model": "service_development.voicefragment",
  "pk": 21,
  "fields": {
    "parent": 17,
    "language": 1,
    "audio": "7_nl.wav"
  }
},
{
  "model": "service_development.voicefragment",
  "pk": 22,
  "fields": {
    "parent": 17,
    "language": 2,
    "audio": "7_en.wav"
  }
},
{
  "model": "service_development.voicefragment",
  "pk": 23,
  "fields": {
    "parent": 17,
    "language": 3,
    "audio": "7_fr.wav"
  }
},
{
  "model": "service_development.voicefragment",
  "pk": 24,
  "fields": {
    "parent": 16,
    "language": 1,
    "audio": "6_nl.wav"
  }
},
{
  "model": "service_development.voicefragment",
  "pk": 25,
  "fields": {
    "parent": 16,
    "language": 2,
    "audio": "6_en.wav"
  }
},
{
  "model": "service_development.voicefragment",
  "pk": 26,
  "fields": {
    "parent": 16,
    "language": 3,
    "audio": "6_fr.wav"
  }
},
{
  "model": "service_development.voicefragment",
  "pk": 27,
  "fields": {
    "parent": 15,
    "language": 1,
    "audio": "5_nl.wav"
  }
},
{
  "model": "service_development.voicefragment",
  "pk": 28,
  "fields": {
    "parent": 15,
    "language": 2,
    "audio": "5_en.wav"
  }
},
{
  "model": "service_development.voicefragment",
  "pk": 29,
  "fields": {
    "parent": 15,
    "language": 3,
    "audio": "5_fr.wav"
  }
},
{
  "model": "service_development.voicefragment",
  "pk": 30,
  "fields": {
    "parent": 14,
    "language": 1,
    "audio": "4_nl.wav"
  }
},
{
  "model": "service_development.voicefragment",
  "pk": 31,
  "fields": {
    "parent": 14,
    "language": 2,
    "audio": "4_fr.wav"
  }
},
{
  "model": "service_development.voicefragment",
  "pk": 32,
  "fields": {
    "parent": 14,
    "language": 3,
    "audio": "4_en.wav"
  }
},
{
  "model": "service_development.voicefragment",
  "pk": 33,
  "fields": {
    "parent": 13,
    "language": 1,
    "audio": "3_nl.wav"
  }
},
{
  "model": "service_development.voicefragment",
  "pk": 34,
  "fields": {
    "parent": 13,
    "language": 2,
    "audio": "3_en.wav"
  }
},
{
  "model": "service_development.voicefragment",
  "pk": 35,
  "fields": {
    "parent": 13,
    "language": 3,
    "audio": "3_fr.wav"
  }
},
{
  "model": "service_development.voicefragment",
  "pk": 36,
  "fields": {
    "parent": 12,
    "language": 1,
    "audio": "2_nl.wav"
  }
},
{
  "model": "service_development.voicefragment",
  "pk": 37,
  "fields": {
    "parent": 12,
    "language": 2,
    "audio": "2_en.wav"
  }
},
{
  "model": "service_development.voicefragment",
  "pk": 38,
  "fields": {
    "parent": 12,
    "language": 3,
    "audio": "2_fr.wav"
  }
},
{
  "model": "service_development.voicefragment",
  "pk": 39,
  "fields": {
    "parent": 11,
    "language": 1,
    "audio": "1_nl.wav"
  }
},
{
  "model": "service_development.voicefragment",
  "pk": 40,
  "fields": {
    "parent": 11,
    "language": 2,
    "audio": "1_en.wav"
  }
},
{
  "model": "service_development.voicefragment",
  "pk": 41,
  "fields": {
    "parent": 11,
    "language": 3,
    "audio": "1_fr.wav"
  }
},
{
  "model": "service_development.voicefragment",
  "pk": 42,
  "fields": {
    "parent": 10,
    "language": 1,
    "audio": "post_choice_option_nl.wav"
  }
},
{
  "model": "service_development.voicefragment",
  "pk": 43,
  "fields": {
    "parent": 10,
    "language": 2,
    "audio": "post_choice_option_en.wav"
  }
},
{
  "model": "service_development.voicefragment",
  "pk": 44,
  "fields": {
    "parent": 10,
    "language": 3,
    "audio": "post_choice_option_fr.wav"
  }
},
{
  "model": "service_development.voicefragment",
  "pk": 45,
  "fields": {
    "parent": 9,
    "language": 1,
    "audio": "pre_choice_option_nl.wav"
  }
},
{
  "model": "service_development.voicefragment",
  "pk": 46,
  "fields": {
    "parent": 9,
    "language": 2,
    "audio": "pre_choice_option_en.wav"
  }
},
{
  "model": "service_development.voicefragment",
  "pk": 47,
  "fields": {
    "parent": 9,
    "language": 3,
    "audio": "pre_choice_option_fr.wav"
  }
},
{
  "model": "service_development.voicefragment",
  "pk": 48,
  "fields": {
    "parent": 8,
    "language": 1,
    "audio": "select_language_nl.wav"
  }
},
{
  "model": "service_development.voicefragment",
  "pk": 49,
  "fields": {
    "parent": 8,
    "language": 2,
    "audio": "select_language_en.wav"
  }
},
{
  "model": "service_development.voicefragment",
  "pk": 50,
  "fields": {
    "parent": 8,
    "language": 3,
    "audio": "select_language_fr.wav"
  }
},
{
  "model": "service_development.voicefragment",
  "pk": 51,
  "fields": {
    "parent": 7,
    "language": 1,
    "audio": "french_nl.wav"
  }
},
{
  "model": "service_development.voicefragment",
  "pk": 52,
  "fields": {
    "parent": 7,
    "language": 2,
    "audio": "french_en.wav"
  }
},
{
  "model": "service_development.voicefragment",
  "pk": 53,
  "fields": {
    "parent": 7,
    "language": 3,
    "audio": "french_fr.wav"
  }
},
{
  "model": "service_development.voicefragment",
  "pk": 55,
  "fields": {
    "parent": 5,
    "language": 1,
    "audio": "thank_you_for_using_nl.wav"
  }
},
{
  "model": "service_development.voicefragment",
  "pk": 56,
  "fields": {
    "parent": 5,
    "language": 2,
    "audio": "thank_you_for_using_en.wav"
  }
},
{
  "model": "service_development.voicefragment",
  "pk": 57,
  "fields": {
    "parent": 5,
    "language": 3,
    "audio": "thank_you_for_using_fr.wav"
  }
},
{
  "model": "service_development.voicefragment",
  "pk": 58,
  "fields": {
    "parent": 4,
    "language": 1,
    "audio": "english_nl.wav"
  }
},
{
  "model": "service_development.voicefragment",
  "pk": 59,
  "fields": {
    "parent": 4,
    "language": 2,
    "audio": "english_en.wav"
  }
},
{
  "model": "service_development.voicefragment",
  "pk": 60,
  "fields": {
    "parent": 4,
    "language": 3,
    "audio": "english_fr.wav"
  }
},
{
  "model": "service_development.voicefragment",
  "pk": 64,
  "fields": {
    "parent": 2,
    "language": 1,
    "audio": "error_nl.wav"
  }
},
{
  "model": "service_development.voicefragment",
  "pk": 65,
  "fields": {
    "parent": 2,
    "language": 2,
    "audio": "error_en.wav"
  }
},
{
  "model": "service_development.voicefragment",
  "pk": 66,
  "fields": {
    "parent": 2,
    "language": 3,
    "audio": "error_fr.wav"
  }
},
{
  "model": "service_development.voicefragment",
  "pk": 67,
  "fields": {
    "parent": 1,
    "language": 1,
    "audio": "dutch_nl.wav"
  }
},
{
  "model": "service_development.voicefragment",
  "pk": 68,
  "fields": {
    "parent": 1,
    "language": 2,
    "audio": "dutch_en.wav"
  }
},
{
  "model": "service_development.voicefragment",
  "pk": 69,
  "fields": {
    "parent": 1,
    "language": 3,
    "audio": "dutch_fr.wav"
  }
},
{
  "model": "service_development.voicefragment",
  "pk": 74,
  "fields": {
    "parent": 25,
    "language": 3,
    "audio": "speakYourMessage.wav"
  }
},
{
  "model": "service_development.voicefragment",
  "pk": 75,
  "fields": {
    "parent": 26,
    "language": 2,
    "audio": "logged_in_en.wav"
  }
},
{
  "model": "service_development.voicefragment",
  "pk": 76,
  "fields": {
    "parent": 26,
    "language": 3,
    "audio": "logged_in_fr.wav"
  }
},
{
  "model": "service_development.voicefragment",
  "pk": 77,
  "fields": {
    "parent": 27,
    "language": 2,
    "audio": "make_account_en.wav"
  }
},
{
  "model": "service_development.voicefragment",
  "pk": 78,
  "fields": {
    "parent": 27,
    "language": 3,
    "audio": "make_account_fr.wav"
  }
},
{
  "model": "service_development.voicefragment",
  "pk": 79,
  "fields": {
    "parent": 28,
    "language": 2,
    "audio": "welcome_registration_checker_en.wav"
  }
},
{
  "model": "service_development.voicefragment",
  "pk": 80,
  "fields": {
    "parent": 28,
    "language": 3,
    "audio": "welcome_registration_checker_fr.wav"
  }
},
{
  "model": "service_development.voicefragment",
  "pk": 83,
  "fields": {
    "parent": 30,
    "language": 2,
    "audio": "main_menu_en.wav"
  }
},
{
  "model": "service_development.voicefragment",
  "pk": 84,
  "fields": {
    "parent": 30,
    "language": 3,
    "audio": "main_menu_fr.wav"
  }
},
{
  "model": "service_development.voicefragment",
  "pk": 85,
  "fields": {
    "parent": 31,
    "language": 2,
    "audio": "yes_en_VAukYcK.wav"
  }
},
{
  "model": "service_development.voicefragment",
  "pk": 86,
  "fields": {
    "parent": 31,
    "language": 3,
    "audio": "yes_fr_dsH9jRZ.wav"
  }
},
{
  "model": "service_development.voicefragment",
  "pk": 87,
  "fields": {
    "parent": 32,
    "language": 2,
    "audio": "no_en_O92ujJH.wav"
  }
},
{
  "model": "service_development.voicefragment",
  "pk": 88,
  "fields": {
    "parent": 32,
    "language": 3,
    "audio": "no_fr_eptB6dQ.wav"
  }
},
{
  "model": "service_development.voicefragment",
  "pk": 91,
  "fields": {
    "parent": 34,
    "language": 2,
    "audio": "amount_newborns_en.wav"
  }
},
{
  "model": "service_development.voicefragment",
  "pk": 92,
  "fields": {
    "parent": 34,
    "language": 3,
    "audio": "amount_newborns_fr.wav"
  }
},
{
  "model": "service_development.voicefragment",
  "pk": 93,
  "fields": {
    "parent": 35,
    "language": 2,
    "audio": "birth_date_en.wav"
  }
},
{
  "model": "service_development.voicefragment",
  "pk": 94,
  "fields": {
    "parent": 35,
    "language": 3,
    "audio": "birth_date_fr.wav"
  }
},
{
  "model": "service_development.voicefragment",
  "pk": 95,
  "fields": {
    "parent": 36,
    "language": 2,
    "audio": "info_added_en.wav"
  }
},
{
  "model": "service_development.voicefragment",
  "pk": 96,
  "fields": {
    "parent": 36,
    "language": 3,
    "audio": "info_added_fr.wav"
  }
},
{
  "model": "service_development.voicefragment",
  "pk": 97,
  "fields": {
    "parent": 37,
    "language": 2,
    "audio": "born_days_ago_en.wav"
  }
},
{
  "model": "service_development.voicefragment",
  "pk": 98,
  "fields": {
    "parent": 37,
    "language": 3,
    "audio": "born_days_ago_fr.wav"
  }
},
{
  "model": "service_development.voicefragment",
  "pk": 99,
  "fields": {
    "parent": 38,
    "language": 2,
    "audio": "end_menu_en.wav"
  }
},
{
  "model": "service_development.voicefragment",
  "pk": 100,
  "fields": {
    "parent": 38,
    "language": 3,
    "audio": "end_menu_fr.wav"
  }
},
{
  "model": "service_development.voicefragment",
  "pk": 101,
  "fields": {
    "parent": 39,
    "language": 2,
    "audio": "end_call_en.wav"
  }
},
{
  "model": "service_development.voicefragment",
  "pk": 102,
  "fields": {
    "parent": 39,
    "language": 3,
    "audio": "end_call_fr.wav"
  }
},
{
  "model": "service_development.voicefragment",
  "pk": 103,
  "fields": {
    "parent": 40,
    "language": 2,
    "audio": "goto_newborns_en.wav"
  }
},
{
  "model": "service_development.voicefragment",
  "pk": 104,
  "fields": {
    "parent": 40,
    "language": 3,
    "audio": "goto_newborns_fr.wav"
  }
},
{
  "model": "service_development.voicefragment",
  "pk": 105,
  "fields": {
    "parent": 41,
    "language": 2,
    "audio": "goto_disease_en.wav"
  }
},
{
  "model": "service_development.voicefragment",
  "pk": 106,
  "fields": {
    "parent": 41,
    "language": 3,
    "audio": "goto_disease_fr.wav"
  }
},
{
  "model": "service_development.voicefragment",
  "pk": 107,
  "fields": {
    "parent": 42,
    "language": 2,
    "audio": "goto_vaccination_en.wav"
  }
},
{
  "model": "service_development.voicefragment",
  "pk": 108,
  "fields": {
    "parent": 42,
    "language": 3,
    "audio": "goto_vaccination_fr.wav"
  }
},
{
  "model": "service_development.voicefragment",
  "pk": 109,
  "fields": {
    "parent": 43,
    "language": 2,
    "audio": "goto_main_menu_en.wav"
  }
},
{
  "model": "service_development.voicefragment",
  "pk": 110,
  "fields": {
    "parent": 43,
    "language": 3,
    "audio": "goto_main_menu_fr.wav"
  }
},
{
  "model": "service_development.voicefragment",
  "pk": 113,
  "fields": {
    "parent": 45,
    "language": 2,
    "audio": "say_names_en.wav"
  }
},
{
  "model": "service_development.voicefragment",
  "pk": 114,
  "fields": {
    "parent": 45,
    "language": 3,
    "audio": "say_names_fr.wav"
  }
},
{
  "model": "service_development.voicefragment",
  "pk": 117,
  "fields": {
    "parent": 47,
    "language": 2,
    "audio": "what_disease_en.wav"
  }
},
{
  "model": "service_development.voicefragment",
  "pk": 118,
  "fields": {
    "parent": 47,
    "language": 3,
    "audio": "what_disease_fr.wav"
  }
},
{
  "model": "service_development.voicefragment",
  "pk": 119,
  "fields": {
    "parent": 48,
    "language": 2,
    "audio": "amount_infected_en.wav"
  }
},
{
  "model": "service_development.voicefragment",
  "pk": 120,
  "fields": {
    "parent": 48,
    "language": 3,
    "audio": "amount_infected_fr.wav"
  }
},
{
  "model": "service_development.voicefragment",
  "pk": 121,
  "fields": {
    "parent": 49,
    "language": 2,
    "audio": "thank_report_disease_en.wav"
  }
},
{
  "model": "service_development.voicefragment",
  "pk": 122,
  "fields": {
    "parent": 49,
    "language": 3,
    "audio": "thank_report_disease_fr.wav"
  }
},
{
  "model": "service_development.voicefragment",
  "pk": 123,
  "fields": {
    "parent": 50,
    "language": 2,
    "audio": "another_disease_en.wav"
  }
},
{
  "model": "service_development.voicefragment",
  "pk": 124,
  "fields": {
    "parent": 50,
    "language": 3,
    "audio": "another_disease_fr.wav"
  }
},
{
  "model": "service_development.voicefragment",
  "pk": 125,
  "fields": {
    "parent": 51,
    "language": 2,
    "audio": "thank_you_en.wav"
  }
},
{
  "model": "service_development.voicefragment",
  "pk": 126,
  "fields": {
    "parent": 51,
    "language": 3,
    "audio": "thank_you_fr.wav"
  }
},
{
  "model": "service_development.voicefragment",
  "pk": 127,
  "fields": {
    "parent": 52,
    "language": 2,
    "audio": "amount_vaccinated_en.wav"
  }
},
{
  "model": "service_development.voicefragment",
  "pk": 128,
  "fields": {
    "parent": 52,
    "language": 3,
    "audio": "amount_vaccinated_fr.wav"
  }
},
{
  "model": "service_development.voicefragment",
  "pk": 129,
  "fields": {
    "parent": 53,
    "language": 2,
    "audio": "vaccination_date_en.wav"
  }
},
{
  "model": "service_development.voicefragment",
  "pk": 130,
  "fields": {
    "parent": 53,
    "language": 3,
    "audio": "vaccination_date_fr.wav"
  }
},
{
  "model": "service_development.voicefragment",
  "pk": 131,
  "fields": {
    "parent": 54,
    "language": 2,
    "audio": "thank_revaccination_en.wav"
  }
},
{
  "model": "service_development.voicefragment",
  "pk": 132,
  "fields": {
    "parent": 54,
    "language": 3,
    "audio": "thank_revaccination_fr.wav"
  }
},
{
  "model": "service_development.voicefragment",
  "pk": 133,
  "fields": {
    "parent": 55,
    "language": 2,
    "audio": "vac_days_ago_en.wav"
  }
},
{
  "model": "service_development.voicefragment",
  "pk": 134,
  "fields": {
    "parent": 55,
    "language": 3,
    "audio": "vac_days_ago_fr.wav"
  }
},
{
  "model": "service_development.voicefragment",
  "pk": 137,
  "fields": {
    "parent": 57,
    "language": 2,
    "audio": "account_created_en.wav"
  }
},
{
  "model": "service_development.voicefragment",
  "pk": 138,
  "fields": {
    "parent": 57,
    "language": 3,
    "audio": "account_created_fr.wav"
  }
},
{
  "model": "service_development.voicefragment",
  "pk": 140,
  "fields": {
    "parent": 59,
    "language": 2,
    "audio": "amount_infected_en_GJsQaJQ.wav"
  }
},
{
  "model": "service_development.voicefragment",
  "pk": 141,
  "fields": {
    "parent": 59,
    "language": 3,
    "audio": "amount_infected_fr_8BwXFpi.wav"
  }
},
{
  "model": "service_development.voicefragment",
  "pk": 144,
  "fields": {
    "parent": 61,
    "language": 2,
    "audio": "ask_name_en.wav"
  }
},
{
  "model": "service_development.voicefragment",
  "pk": 145,
  "fields": {
    "parent": 61,
    "language": 3,
    "audio": "ask_name_fr.wav"
  }
},
{
  "model": "service_development.voicefragment",
  "pk": 146,
  "fields": {
    "parent": 62,
    "language": 2,
    "audio": "ask_confirmation_en.wav"
  }
},
{
  "model": "service_development.voicefragment",
  "pk": 147,
  "fields": {
    "parent": 62,
    "language": 3,
    "audio": "ask_confirmation_fr.wav"
  }
},
{
  "model": "service_development.voicefragment",
  "pk": 148,
  "fields": {
    "parent": 63,
    "language": 2,
    "audio": "repeat_name_en.wav"
  }
},
{
  "model": "service_development.voicefragment",
  "pk": 149,
  "fields": {
    "parent": 63,
    "language": 3,
    "audio": "repeat_name_fr.wav"
  }
},
{
  "model": "service_development.voicefragment",
  "pk": 150,
  "fields": {
    "parent": 64,
    "language": 2,
    "audio": "final_registration_en.wav"
  }
},
{
  "model": "service_development.voicefragment",
  "pk": 151,
  "fields": {
    "parent": 64,
    "language": 3,
    "audio": "final_registration_fr.wav"
  }
},
{
  "model": "service_development.voicefragment",
  "pk": 152,
  "fields": {
    "parent": 65,
    "language": 2,
    "audio": "did_not_hear_en.wav"
  }
},
{
  "model": "service_development.voicefragment",
  "pk": 153,
  "fields": {
    "parent": 65,
    "language": 3,
    "audio": "did_not_hear_fr.wav"
  }
},
{
  "model": "service_development.voicefragment",
  "pk": 154,
  "fields": {
    "parent": 66,
    "language": 2,
    "audio": "ask_submit_batch_en.wav"
  }
},
{
  "model": "service_development.voicefragment",
  "pk": 155,
  "fields": {
    "parent": 66,
    "language": 3,
    "audio": "ask_submit_batch_fr.wav"
  }
},
{
  "model": "service_development.voicefragment",
  "pk": 156,
  "fields": {
    "parent": 67,
    "language": 2,
    "audio": "batch_days_ago_en.wav"
  }
},
{
  "model": "service_development.voicefragment",
  "pk": 157,
  "fields": {
    "parent": 67,
    "language": 3,
    "audio": "batch_days_ago_fr.wav"
  }
},
{
  "model": "service_development.voicefragment",
  "pk": 158,
  "fields": {
    "parent": 68,
    "language": 2,
    "audio": "thank_you_submitted_en.wav"
  }
},
{
  "model": "service_development.voicefragment",
  "pk": 159,
  "fields": {
    "parent": 68,
    "language": 3,
    "audio": "thank_you_submitted_fr.wav"
  }
},
{
  "model": "service_development.voicefragment",
  "pk": 160,
  "fields": {
    "parent": 69,
    "language": 2,
    "audio": "welcome_user_en.wav"
  }
},
{
  "model": "service_development.voicefragment",
  "pk": 161,
  "fields": {
    "parent": 69,
    "language": 3,
    "audio": "welcome_user_fr.wav"
  }
},
{
  "model": "service_development.voiceservicesubelement",
  "pk": 8,
  "fields": {
    "service": 2,
    "creation_date": "2018-04-25T09:51:23.181Z",
    "modification_date": "2018-04-25T15:32:59.825Z",
    "name": "You're now logged in.",
    "description": "",
    "voice_label": 26
  }
},
{
  "model": "service_development.voiceservicesubelement",
  "pk": 9,
  "fields": {
    "service": 2,
    "creation_date": "2018-04-25T10:30:44.522Z",
    "modification_date": "2018-04-30T22:57:53.500Z",
    "name": "welcome_menu",
    "description": "Hello farmer! Welcome to our chicken vaccination programm. Are you already registered?",
    "voice_label": 28
  }
},
{
  "model": "service_development.voiceservicesubelement",
  "pk": 10,
  "fields": {
    "service": 2,
    "creation_date": "2018-04-25T10:30:44.528Z",
    "modification_date": "2018-04-25T15:25:18.204Z",
    "name": "Yes account",
    "description": "Already registered",
    "voice_label": 21
  }
},
{
  "model": "service_development.voiceservicesubelement",
  "pk": 11,
  "fields": {
    "service": 2,
    "creation_date": "2018-04-25T10:30:44.531Z",
    "modification_date": "2018-04-25T15:25:18.208Z",
    "name": "No account",
    "description": "Not registered",
    "voice_label": 22
  }
},
{
  "model": "service_development.voiceservicesubelement",
  "pk": 12,
  "fields": {
    "service": 2,
    "creation_date": "2018-04-25T11:01:20.834Z",
    "modification_date": "2018-04-30T21:52:59.409Z",
    "name": "Let's make an account.",
    "description": "",
    "voice_label": 27
  }
},
{
  "model": "service_development.voiceserviceelement",
  "pk": 8,
  "fields": {}
},
{
  "model": "service_development.voiceserviceelement",
  "pk": 9,
  "fields": {}
},
{
  "model": "service_development.voiceserviceelement",
  "pk": 12,
  "fields": {}
},
{
  "model": "service_development.voiceservice",
  "pk": 2,
  "fields": {
    "name": "VP Service",
    "description": "Vaccination des Poulets Service",
    "creation_date": "2018-04-25T10:15:01.996Z",
    "modification_date": "2018-05-25T13:09:22.769Z",
    "active": true,
    "_start_element": 9,
    "registration": "preferred",
    "registration_language": true,
    "registration_name": true,
    "supported_languages": [
      2,
      3
    ]
  }
},
{
  "model": "service_development.kasadakauser",
  "pk": 2,
  "fields": {
    "caller_id": "123",
    "first_name": "John",
    "last_name": "Williams",
    "creation_date": "2018-04-30T17:42:21.678Z",
    "modification_date": "2018-05-27T12:34:14.624Z",
    "language": 2,
    "service": 2,
    "name_voice": null
  }
},
{
  "model": "service_development.callsession",
  "pk": 1,
  "fields": {
    "start": "2018-04-30T14:37:14.835Z",
    "end": null,
    "user": null,
    "caller_id": null,
    "service": 2,
    "_language": null
  }
},
{
  "model": "service_development.callsession",
  "pk": 2,
  "fields": {
    "start": "2018-04-30T14:38:35.511Z",
    "end": null,
    "user": null,
    "caller_id": null,
    "service": 2,
    "_language": null
  }
},
{
  "model": "service_development.callsession",
  "pk": 3,
  "fields": {
    "start": "2018-04-30T14:43:03.286Z",
    "end": null,
    "user": null,
    "caller_id": null,
    "service": 2,
    "_language": null
  }
},
{
  "model": "service_development.callsession",
  "pk": 4,
  "fields": {
    "start": "2018-04-30T17:07:20.391Z",
    "end": null,
    "user": null,
    "caller_id": null,
    "service": 2,
    "_language": null
  }
},
{
  "model": "service_development.callsession",
  "pk": 5,
  "fields": {
    "start": "2018-04-30T17:22:34.240Z",
    "end": null,
    "user": null,
    "caller_id": "4",
    "service": 2,
    "_language": null
  }
},
{
  "model": "service_development.callsession",
  "pk": 6,
  "fields": {
    "start": "2018-04-30T17:37:03.880Z",
    "end": null,
    "user": null,
    "caller_id": null,
    "service": null,
    "_language": null
  }
},
{
  "model": "service_development.callsession",
  "pk": 7,
  "fields": {
    "start": "2018-04-30T17:38:14.917Z",
    "end": null,
    "user": null,
    "caller_id": null,
    "service": null,
    "_language": null
  }
},
{
  "model": "service_development.callsession",
  "pk": 8,
  "fields": {
    "start": "2018-04-30T17:43:08.961Z",
    "end": "2018-05-01T11:22:52.500Z",
    "user": 2,
    "caller_id": "123",
    "service": 2,
    "_language": 2
  }
},
{
  "model": "service_development.callsession",
  "pk": 9,
  "fields": {
    "start": "2018-04-30T17:57:29.494Z",
    "end": "2018-04-30T17:57:30.218Z",
    "user": 2,
    "caller_id": "123",
    "service": 2,
    "_language": 2
  }
},
{
  "model": "service_development.callsession",
  "pk": 10,
  "fields": {
    "start": "2018-04-30T18:34:12.570Z",
    "end": null,
    "user": null,
    "caller_id": null,
    "service": 2,
    "_language": null
  }
},
{
  "model": "service_development.callsession",
  "pk": 11,
  "fields": {
    "start": "2018-05-01T11:24:24.525Z",
    "end": "2018-05-25T13:09:27.143Z",
    "user": 2,
    "caller_id": "123",
    "service": 2,
    "_language": 2
  }
},
{
  "model": "service_development.callsession",
  "pk": 12,
  "fields": {
    "start": "2018-05-01T11:24:32.958Z",
    "end": null,
    "user": null,
    "caller_id": "123",
    "service": null,
    "_language": null
  }
},
{
  "model": "service_development.callsession",
  "pk": 13,
  "fields": {
    "start": "2018-05-01T11:24:40.335Z",
    "end": null,
    "user": null,
    "caller_id": "123",
    "service": null,
    "_language": null
  }
},
{
  "model": "service_development.callsession",
  "pk": 14,
  "fields": {
    "start": "2018-05-01T13:57:03.896Z",
    "end": null,
    "user": null,
    "caller_id": "123",
    "service": null,
    "_language": null
  }
},
{
  "model": "service_development.callsession",
  "pk": 15,
  "fields": {
    "start": "2018-05-01T13:57:24.664Z",
    "end": "2018-05-01T13:57:26.424Z",
    "user": 2,
    "caller_id": "123",
    "service": 2,
    "_language": 2
  }
},
{
  "model": "service_development.callsession",
  "pk": 16,
  "fields": {
    "start": "2018-05-01T13:57:44.708Z",
    "end": null,
    "user": null,
    "caller_id": "123",
    "service": null,
    "_language": null
  }
},
{
  "model": "service_development.callsession",
  "pk": 17,
  "fields": {
    "start": "2018-05-01T13:58:07.118Z",
    "end": null,
    "user": null,
    "caller_id": "123",
    "service": null,
    "_language": null
  }
},
{
  "model": "service_development.callsession",
  "pk": 18,
  "fields": {
    "start": "2018-05-01T13:58:21.163Z",
    "end": null,
    "user": null,
    "caller_id": "1",
    "service": null,
    "_language": null
  }
},
{
  "model": "service_development.callsession",
  "pk": 19,
  "fields": {
    "start": "2018-05-01T13:58:39.431Z",
    "end": null,
    "user": null,
    "caller_id": "123",
    "service": null,
    "_language": null
  }
},
{
  "model": "service_development.callsession",
  "pk": 20,
  "fields": {
    "start": "2018-05-01T20:35:03.069Z",
    "end": "2018-05-22T10:14:16.327Z",
    "user": 2,
    "caller_id": "123",
    "service": 2,
    "_language": 2
  }
},
{
  "model": "service_development.callsession",
  "pk": 21,
  "fields": {
    "start": "2018-05-01T20:35:16.813Z",
    "end": null,
    "user": null,
    "caller_id": "123",
    "service": null,
    "_language": null
  }
},
{
  "model": "service_development.callsession",
  "pk": 22,
  "fields": {
    "start": "2018-05-01T20:35:24.225Z",
    "end": null,
    "user": null,
    "caller_id": "123",
    "service": null,
    "_language": null
  }
},
{
  "model": "service_development.callsession",
  "pk": 23,
  "fields": {
    "start": "2018-05-01T20:35:33.321Z",
    "end": null,
    "user": null,
    "caller_id": "123",
    "service": null,
    "_language": null
  }
},
{
  "model": "service_development.callsession",
  "pk": 24,
  "fields": {
    "start": "2018-05-01T11:21:57.242Z",
    "end": null,
    "user": null,
    "caller_id": null,
    "service": null,
    "_language": null
  }
},
{
  "model": "service_development.callsession",
  "pk": 25,
  "fields": {
    "start": "2018-05-01T11:21:57.398Z",
    "end": null,
    "user": null,
    "caller_id": null,
    "service": null,
    "_language": null
  }
},
{
  "model": "service_development.callsession",
  "pk": 26,
  "fields": {
    "start": "2018-05-01T11:21:57.584Z",
    "end": null,
    "user": null,
    "caller_id": null,
    "service": null,
    "_language": null
  }
},
{
  "model": "service_development.callsession",
  "pk": 27,
  "fields": {
    "start": "2018-05-01T11:21:57.727Z",
    "end": null,
    "user": null,
    "caller_id": null,
    "service": null,
    "_language": null
  }
},
{
  "model": "service_development.callsession",
  "pk": 28,
  "fields": {
    "start": "2018-05-01T11:21:57.875Z",
    "end": null,
    "user": null,
    "caller_id": null,
    "service": null,
    "_language": null
  }
},
{
  "model": "service_development.callsession",
  "pk": 29,
  "fields": {
    "start": "2018-05-01T11:22:40.588Z",
    "end": null,
    "user": null,
    "caller_id": null,
    "service": null,
    "_language": null
  }
},
{
  "model": "service_development.callsession",
  "pk": 30,
  "fields": {
    "start": "2018-05-01T11:23:17.165Z",
    "end": null,
    "user": null,
    "caller_id": null,
    "service": null,
    "_language": null
  }
},
{
  "model": "service_development.callsession",
  "pk": 31,
  "fields": {
    "start": "2018-05-01T11:23:23.716Z",
    "end": null,
    "user": null,
    "caller_id": null,
    "service": null,
    "_language": null
  }
},
{
  "model": "service_development.callsession",
  "pk": 32,
  "fields": {
    "start": "2018-05-01T11:23:43.806Z",
    "end": null,
    "user": null,
    "caller_id": null,
    "service": null,
    "_language": null
  }
},
{
  "model": "service_development.callsession",
  "pk": 33,
  "fields": {
    "start": "2018-05-01T11:23:47.558Z",
    "end": null,
    "user": null,
    "caller_id": null,
    "service": null,
    "_language": null
  }
},
{
  "model": "service_development.callsession",
  "pk": 34,
  "fields": {
    "start": "2018-05-01T11:37:28.880Z",
    "end": null,
    "user": null,
    "caller_id": null,
    "service": null,
    "_language": null
  }
},
{
  "model": "service_development.callsession",
  "pk": 35,
  "fields": {
    "start": "2018-05-01T11:37:38.823Z",
    "end": null,
    "user": null,
    "caller_id": null,
    "service": null,
    "_language": null
  }
},
{
  "model": "service_development.callsession",
  "pk": 36,
  "fields": {
    "start": "2018-05-02T07:47:28.975Z",
    "end": null,
    "user": null,
    "caller_id": null,
    "service": null,
    "_language": null
  }
},
{
  "model": "service_development.callsession",
  "pk": 37,
  "fields": {
    "start": "2018-05-02T07:48:21.737Z",
    "end": null,
    "user": null,
    "caller_id": null,
    "service": null,
    "_language": null
  }
},
{
  "model": "service_development.callsession",
  "pk": 38,
  "fields": {
    "start": "2018-05-15T10:49:16.970Z",
    "end": null,
    "user": null,
    "caller_id": null,
    "service": null,
    "_language": null
  }
},
{
  "model": "service_development.callsession",
  "pk": 39,
  "fields": {
    "start": "2018-05-15T10:49:21.976Z",
    "end": null,
    "user": null,
    "caller_id": null,
    "service": null,
    "_language": null
  }
},
{
  "model": "service_development.callsession",
  "pk": 40,
  "fields": {
    "start": "2018-05-15T10:49:22.491Z",
    "end": null,
    "user": null,
    "caller_id": null,
    "service": null,
    "_language": null
  }
},
{
  "model": "service_development.callsession",
  "pk": 41,
  "fields": {
    "start": "2018-05-15T10:49:22.947Z",
    "end": null,
    "user": null,
    "caller_id": null,
    "service": null,
    "_language": null
  }
},
{
  "model": "service_development.callsession",
  "pk": 42,
  "fields": {
    "start": "2018-05-15T10:49:23.408Z",
    "end": null,
    "user": null,
    "caller_id": null,
    "service": null,
    "_language": null
  }
},
{
  "model": "service_development.callsession",
  "pk": 43,
  "fields": {
    "start": "2018-05-15T10:49:23.821Z",
    "end": null,
    "user": null,
    "caller_id": null,
    "service": null,
    "_language": null
  }
},
{
  "model": "service_development.callsession",
  "pk": 44,
  "fields": {
    "start": "2018-05-22T10:14:15.574Z",
    "end": null,
    "user": null,
    "caller_id": null,
    "service": null,
    "_language": null
  }
},
{
  "model": "service_development.callsession",
  "pk": 45,
  "fields": {
    "start": "2018-05-22T10:14:26.445Z",
    "end": null,
    "user": null,
    "caller_id": null,
    "service": 2,
    "_language": null
  }
},
{
  "model": "service_development.callsession",
  "pk": 46,
  "fields": {
    "start": "2018-05-22T10:22:47.468Z",
    "end": null,
    "user": null,
    "caller_id": null,
    "service": null,
    "_language": null
  }
},
{
  "model": "service_development.callsession",
  "pk": 47,
  "fields": {
    "start": "2018-05-22T10:22:49.854Z",
    "end": null,
    "user": null,
    "caller_id": null,
    "service": 2,
    "_language": null
  }
},
{
  "model": "service_development.callsession",
  "pk": 48,
  "fields": {
    "start": "2018-05-22T10:39:42.635Z",
    "end": null,
    "user": null,
    "caller_id": null,
    "service": 2,
    "_language": null
  }
},
{
  "model": "service_development.callsession",
  "pk": 49,
  "fields": {
    "start": "2018-05-22T10:39:43.409Z",
    "end": null,
    "user": null,
    "caller_id": null,
    "service": 2,
    "_language": null
  }
},
{
  "model": "service_development.callsession",
  "pk": 50,
  "fields": {
    "start": "2018-05-22T10:39:43.902Z",
    "end": null,
    "user": null,
    "caller_id": null,
    "service": 2,
    "_language": null
  }
},
{
  "model": "service_development.callsession",
  "pk": 51,
  "fields": {
    "start": "2018-05-22T10:40:00.550Z",
    "end": null,
    "user": null,
    "caller_id": null,
    "service": 2,
    "_language": null
  }
},
{
  "model": "service_development.callsession",
  "pk": 52,
  "fields": {
    "start": "2018-05-22T10:40:42.273Z",
    "end": null,
    "user": null,
    "caller_id": "anonymous",
    "service": 2,
    "_language": null
  }
},
{
  "model": "service_development.callsession",
  "pk": 53,
  "fields": {
    "start": "2018-05-22T10:41:24.230Z",
    "end": null,
    "user": null,
    "caller_id": "anonymous",
    "service": 2,
    "_language": null
  }
},
{
  "model": "service_development.callsession",
  "pk": 54,
  "fields": {
    "start": "2018-05-22T10:42:03.701Z",
    "end": null,
    "user": null,
    "caller_id": null,
    "service": 2,
    "_language": null
  }
},
{
  "model": "service_development.callsession",
  "pk": 55,
  "fields": {
    "start": "2018-05-22T10:42:23.295Z",
    "end": null,
    "user": null,
    "caller_id": null,
    "service": 2,
    "_language": null
  }
},
{
  "model": "service_development.callsession",
  "pk": 56,
  "fields": {
    "start": "2018-05-22T10:42:27.235Z",
    "end": "2018-05-22T10:45:07.988Z",
    "user": null,
    "caller_id": null,
    "service": 2,
    "_language": null
  }
},
{
  "model": "service_development.callsession",
  "pk": 57,
  "fields": {
    "start": "2018-05-25T13:02:03.096Z",
    "end": null,
    "user": null,
    "caller_id": null,
    "service": 2,
    "_language": null
  }
},
{
  "model": "service_development.callsession",
  "pk": 58,
  "fields": {
    "start": "2018-05-27T12:37:00.466Z",
    "end": null,
    "user": null,
    "caller_id": "anonymous",
    "service": 2,
    "_language": null
  }
},
{
  "model": "service_development.callsessionstep",
  "pk": 1,
  "fields": {
    "time": "2018-04-30T17:43:09.839Z",
    "session": 8,
    "_visited_element": 9,
    "description": null
  }
},
{
  "model": "service_development.callsessionstep",
  "pk": 2,
  "fields": {
    "time": "2018-04-30T17:57:30.354Z",
    "session": 9,
    "_visited_element": 9,
    "description": null
  }
},
{
  "model": "service_development.callsessionstep",
  "pk": 3,
  "fields": {
    "time": "2018-04-30T18:01:34.560Z",
    "session": 8,
    "_visited_element": 9,
    "description": null
  }
},
{
  "model": "service_development.callsessionstep",
  "pk": 4,
  "fields": {
    "time": "2018-04-30T18:34:39.319Z",
    "session": 8,
    "_visited_element": 9,
    "description": null
  }
},
{
  "model": "service_development.callsessionstep",
  "pk": 5,
  "fields": {
    "time": "2018-04-30T18:43:37.876Z",
    "session": 8,
    "_visited_element": 9,
    "description": null
  }
},
{
  "model": "service_development.callsessionstep",
  "pk": 6,
  "fields": {
    "time": "2018-04-30T18:44:13.976Z",
    "session": 8,
    "_visited_element": 9,
    "description": null
  }
},
{
  "model": "service_development.callsessionstep",
  "pk": 7,
  "fields": {
    "time": "2018-04-30T18:44:38.502Z",
    "session": 8,
    "_visited_element": 8,
    "description": null
  }
},
{
  "model": "service_development.callsessionstep",
  "pk": 8,
  "fields": {
    "time": "2018-04-30T18:44:54.054Z",
    "session": 8,
    "_visited_element": 9,
    "description": null
  }
},
{
  "model": "service_development.callsessionstep",
  "pk": 9,
  "fields": {
    "time": "2018-04-30T18:49:40.927Z",
    "session": 8,
    "_visited_element": 12,
    "description": null
  }
},
{
  "model": "service_development.callsessionstep",
  "pk": 10,
  "fields": {
    "time": "2018-04-30T18:49:59.480Z",
    "session": 8,
    "_visited_element": 12,
    "description": null
  }
},
{
  "model": "service_development.callsessionstep",
  "pk": 11,
  "fields": {
    "time": "2018-04-30T23:18:47.952Z",
    "session": 8,
    "_visited_element": 12,
    "description": null
  }
},
{
  "model": "service_development.callsessionstep",
  "pk": 12,
  "fields": {
    "time": "2018-04-30T23:19:08.242Z",
    "session": 8,
    "_visited_element": 8,
    "description": null
  }
},
{
  "model": "service_development.callsessionstep",
  "pk": 13,
  "fields": {
    "time": "2018-04-30T23:22:47.739Z",
    "session": 8,
    "_visited_element": null,
    "description": null
  }
},
{
  "model": "service_development.callsessionstep",
  "pk": 14,
  "fields": {
    "time": "2018-05-01T11:22:52.631Z",
    "session": 8,
    "_visited_element": 9,
    "description": null
  }
},
{
  "model": "service_development.callsessionstep",
  "pk": 15,
  "fields": {
    "time": "2018-05-01T11:24:25.304Z",
    "session": 11,
    "_visited_element": 9,
    "description": null
  }
},
{
  "model": "service_development.callsessionstep",
  "pk": 16,
  "fields": {
    "time": "2018-05-01T13:57:26.808Z",
    "session": 15,
    "_visited_element": 9,
    "description": null
  }
},
{
  "model": "service_development.callsessionstep",
  "pk": 17,
  "fields": {
    "time": "2018-05-01T20:35:03.756Z",
    "session": 20,
    "_visited_element": 9,
    "description": null
  }
},
{
  "model": "service_development.callsessionstep",
  "pk": 18,
  "fields": {
    "time": "2018-05-16T15:29:06.271Z",
    "session": 20,
    "_visited_element": null,
    "description": "Registered as user: John Williams (123)"
  }
},
{
  "model": "service_development.callsessionstep",
  "pk": 19,
  "fields": {
    "time": "2018-05-16T15:29:06.302Z",
    "session": 20,
    "_visited_element": 9,
    "description": null
  }
},
{
  "model": "service_development.callsessionstep",
  "pk": 20,
  "fields": {
    "time": "2018-05-16T15:30:37.510Z",
    "session": 20,
    "_visited_element": null,
    "description": "Registered as user: John Williams (123)"
  }
},
{
  "model": "service_development.callsessionstep",
  "pk": 21,
  "fields": {
    "time": "2018-05-16T15:30:37.542Z",
    "session": 20,
    "_visited_element": 9,
    "description": null
  }
},
{
  "model": "service_development.callsessionstep",
  "pk": 22,
  "fields": {
    "time": "2018-05-16T15:30:45.359Z",
    "session": 20,
    "_visited_element": null,
    "description": "Registered as user: John Williams (123)"
  }
},
{
  "model": "service_development.callsessionstep",
  "pk": 23,
  "fields": {
    "time": "2018-05-16T15:30:45.388Z",
    "session": 20,
    "_visited_element": 9,
    "description": null
  }
},
{
  "model": "service_development.callsessionstep",
  "pk": 24,
  "fields": {
    "time": "2018-05-16T15:35:21.774Z",
    "session": 20,
    "_visited_element": 9,
    "description": null
  }
},
{
  "model": "service_development.callsessionstep",
  "pk": 25,
  "fields": {
    "time": "2018-05-16T15:35:25.128Z",
    "session": 20,
    "_visited_element": null,
    "description": "Registered as user: John Williams (123)"
  }
},
{
  "model": "service_development.callsessionstep",
  "pk": 26,
  "fields": {
    "time": "2018-05-16T15:35:25.158Z",
    "session": 20,
    "_visited_element": 9,
    "description": null
  }
},
{
  "model": "service_development.callsessionstep",
  "pk": 27,
  "fields": {
    "time": "2018-05-16T15:38:58.736Z",
    "session": 20,
    "_visited_element": null,
    "description": "Registered as user: John Williams (123)"
  }
},
{
  "model": "service_development.callsessionstep",
  "pk": 28,
  "fields": {
    "time": "2018-05-16T15:38:58.765Z",
    "session": 20,
    "_visited_element": 9,
    "description": null
  }
},
{
  "model": "service_development.callsessionstep",
  "pk": 29,
  "fields": {
    "time": "2018-05-16T15:39:09.952Z",
    "session": 20,
    "_visited_element": 9,
    "description": null
  }
},
{
  "model": "service_development.callsessionstep",
  "pk": 30,
  "fields": {
    "time": "2018-05-16T15:39:24.552Z",
    "session": 20,
    "_visited_element": null,
    "description": "Registered as user: John Williams (123)"
  }
},
{
  "model": "service_development.callsessionstep",
  "pk": 31,
  "fields": {
    "time": "2018-05-16T15:39:24.583Z",
    "session": 20,
    "_visited_element": 9,
    "description": null
  }
},
{
  "model": "service_development.callsessionstep",
  "pk": 32,
  "fields": {
    "time": "2018-05-16T15:39:43.869Z",
    "session": 20,
    "_visited_element": null,
    "description": "Registered as user: John Williams (123)"
  }
},
{
  "model": "service_development.callsessionstep",
  "pk": 33,
  "fields": {
    "time": "2018-05-16T15:39:43.902Z",
    "session": 20,
    "_visited_element": 9,
    "description": null
  }
},
{
  "model": "service_development.callsessionstep",
  "pk": 34,
  "fields": {
    "time": "2018-05-16T15:40:01.917Z",
    "session": 20,
    "_visited_element": 9,
    "description": null
  }
},
{
  "model": "service_development.callsessionstep",
  "pk": 35,
  "fields": {
    "time": "2018-05-16T15:49:10.003Z",
    "session": 20,
    "_visited_element": null,
    "description": "Registered as user: John Williams (123)"
  }
},
{
  "model": "service_development.callsessionstep",
  "pk": 36,
  "fields": {
    "time": "2018-05-16T15:49:10.035Z",
    "session": 20,
    "_visited_element": 9,
    "description": null
  }
},
{
  "model": "service_development.callsessionstep",
  "pk": 37,
  "fields": {
    "time": "2018-05-16T15:52:13.233Z",
    "session": 20,
    "_visited_element": null,
    "description": "Registered as user: John Williams (123)"
  }
},
{
  "model": "service_development.callsessionstep",
  "pk": 38,
  "fields": {
    "time": "2018-05-16T15:52:13.263Z",
    "session": 20,
    "_visited_element": 9,
    "description": null
  }
},
{
  "model": "service_development.callsessionstep",
  "pk": 39,
  "fields": {
    "time": "2018-05-16T15:52:27.040Z",
    "session": 20,
    "_visited_element": null,
    "description": "Registered as user: John Williams (123)"
  }
},
{
  "model": "service_development.callsessionstep",
  "pk": 40,
  "fields": {
    "time": "2018-05-16T15:52:27.074Z",
    "session": 20,
    "_visited_element": 9,
    "description": null
  }
},
{
  "model": "service_development.callsessionstep",
  "pk": 41,
  "fields": {
    "time": "2018-05-16T15:52:51.480Z",
    "session": 20,
    "_visited_element": null,
    "description": "Registered as user: John Williams (123)"
  }
},
{
  "model": "service_development.callsessionstep",
  "pk": 42,
  "fields": {
    "time": "2018-05-16T15:52:51.516Z",
    "session": 20,
    "_visited_element": 9,
    "description": null
  }
},
{
  "model": "service_development.callsessionstep",
  "pk": 43,
  "fields": {
    "time": "2018-05-16T15:53:02.131Z",
    "session": 20,
    "_visited_element": null,
    "description": "Registered as user: John Williams (123)"
  }
},
{
  "model": "service_development.callsessionstep",
  "pk": 44,
  "fields": {
    "time": "2018-05-16T15:53:02.164Z",
    "session": 20,
    "_visited_element": 9,
    "description": null
  }
},
{
  "model": "service_development.callsessionstep",
  "pk": 45,
  "fields": {
    "time": "2018-05-16T15:53:21.516Z",
    "session": 20,
    "_visited_element": null,
    "description": "Registered as user: John Williams (123)"
  }
},
{
  "model": "service_development.callsessionstep",
  "pk": 46,
  "fields": {
    "time": "2018-05-16T15:53:21.548Z",
    "session": 20,
    "_visited_element": 9,
    "description": null
  }
},
{
  "model": "service_development.callsessionstep",
  "pk": 47,
  "fields": {
    "time": "2018-05-16T15:53:45.087Z",
    "session": 20,
    "_visited_element": null,
    "description": "Registered as user: John Williams (123)"
  }
},
{
  "model": "service_development.callsessionstep",
  "pk": 48,
  "fields": {
    "time": "2018-05-16T15:53:45.116Z",
    "session": 20,
    "_visited_element": 9,
    "description": null
  }
},
{
  "model": "service_development.callsessionstep",
  "pk": 49,
  "fields": {
    "time": "2018-05-16T15:56:12.677Z",
    "session": 20,
    "_visited_element": 9,
    "description": null
  }
},
{
  "model": "service_development.callsessionstep",
  "pk": 50,
  "fields": {
    "time": "2018-05-16T16:04:08.807Z",
    "session": 20,
    "_visited_element": 9,
    "description": null
  }
},
{
  "model": "service_development.callsessionstep",
  "pk": 51,
  "fields": {
    "time": "2018-05-16T16:04:53.184Z",
    "session": 20,
    "_visited_element": 9,
    "description": null
  }
},
{
  "model": "service_development.callsessionstep",
  "pk": 52,
  "fields": {
    "time": "2018-05-16T16:05:19.705Z",
    "session": 20,
    "_visited_element": 9,
    "description": null
  }
},
{
  "model": "service_development.callsessionstep",
  "pk": 53,
  "fields": {
    "time": "2018-05-16T16:05:48.091Z",
    "session": 20,
    "_visited_element": 9,
    "description": null
  }
},
{
  "model": "service_development.callsessionstep",
  "pk": 54,
  "fields": {
    "time": "2018-05-16T16:26:18.363Z",
    "session": 20,
    "_visited_element": 9,
    "description": null
  }
},
{
  "model": "service_development.callsessionstep",
  "pk": 55,
  "fields": {
    "time": "2018-05-16T16:27:57.453Z",
    "session": 20,
    "_visited_element": 9,
    "description": null
  }
},
{
  "model": "service_development.callsessionstep",
  "pk": 56,
  "fields": {
    "time": "2018-05-16T16:30:41.730Z",
    "session": 20,
    "_visited_element": 9,
    "description": null
  }
},
{
  "model": "service_development.callsessionstep",
  "pk": 57,
  "fields": {
    "time": "2018-05-16T16:31:49.778Z",
    "session": 20,
    "_visited_element": 9,
    "description": null
  }
},
{
  "model": "service_development.callsessionstep",
  "pk": 58,
  "fields": {
    "time": "2018-05-16T16:33:26.652Z",
    "session": 20,
    "_visited_element": 9,
    "description": null
  }
},
{
  "model": "service_development.callsessionstep",
  "pk": 59,
  "fields": {
    "time": "2018-05-16T16:36:06.054Z",
    "session": 20,
    "_visited_element": 9,
    "description": null
  }
},
{
  "model": "service_development.callsessionstep",
  "pk": 60,
  "fields": {
    "time": "2018-05-16T16:37:10.225Z",
    "session": 20,
    "_visited_element": 9,
    "description": null
  }
},
{
  "model": "service_development.callsessionstep",
  "pk": 61,
  "fields": {
    "time": "2018-05-16T16:37:21.909Z",
    "session": 20,
    "_visited_element": 9,
    "description": null
  }
},
{
  "model": "service_development.callsessionstep",
  "pk": 62,
  "fields": {
    "time": "2018-05-16T16:40:36.343Z",
    "session": 20,
    "_visited_element": 9,
    "description": null
  }
},
{
  "model": "service_development.callsessionstep",
  "pk": 63,
  "fields": {
    "time": "2018-05-16T16:40:51.146Z",
    "session": 20,
    "_visited_element": 9,
    "description": null
  }
},
{
  "model": "service_development.callsessionstep",
  "pk": 64,
  "fields": {
    "time": "2018-05-16T16:41:13.563Z",
    "session": 20,
    "_visited_element": 9,
    "description": null
  }
},
{
  "model": "service_development.callsessionstep",
  "pk": 65,
  "fields": {
    "time": "2018-05-16T16:42:00.994Z",
    "session": 20,
    "_visited_element": 9,
    "description": null
  }
},
{
  "model": "service_development.callsessionstep",
  "pk": 66,
  "fields": {
    "time": "2018-05-16T16:42:34.955Z",
    "session": 20,
    "_visited_element": 9,
    "description": null
  }
},
{
  "model": "service_development.callsessionstep",
  "pk": 67,
  "fields": {
    "time": "2018-05-16T16:43:55.089Z",
    "session": 20,
    "_visited_element": 9,
    "description": null
  }
},
{
  "model": "service_development.callsessionstep",
  "pk": 68,
  "fields": {
    "time": "2018-05-16T16:44:34.089Z",
    "session": 20,
    "_visited_element": 9,
    "description": null
  }
},
{
  "model": "service_development.callsessionstep",
  "pk": 69,
  "fields": {
    "time": "2018-05-16T16:46:53.429Z",
    "session": 20,
    "_visited_element": 9,
    "description": null
  }
},
{
  "model": "service_development.callsessionstep",
  "pk": 70,
  "fields": {
    "time": "2018-05-16T16:52:05.520Z",
    "session": 20,
    "_visited_element": 9,
    "description": null
  }
},
{
  "model": "service_development.callsessionstep",
  "pk": 71,
  "fields": {
    "time": "2018-05-22T10:14:16.328Z",
    "session": 20,
    "_visited_element": 9,
    "description": null
  }
},
{
  "model": "service_development.callsessionstep",
  "pk": 72,
  "fields": {
    "time": "2018-05-22T10:45:07.989Z",
    "session": 56,
    "_visited_element": null,
    "description": "Language selected, Nederlands"
  }
},
{
  "model": "service_development.callsessionstep",
  "pk": 73,
  "fields": {
    "time": "2018-05-22T23:56:18.144Z",
    "session": 11,
    "_visited_element": 9,
    "description": null
  }
},
{
  "model": "service_development.callsessionstep",
  "pk": 74,
  "fields": {
    "time": "2018-05-25T13:00:57.234Z",
    "session": 11,
    "_visited_element": 9,
    "description": null
  }
},
{
  "model": "service_development.callsessionstep",
  "pk": 75,
  "fields": {
    "time": "2018-05-25T13:09:27.352Z",
    "session": 11,
    "_visited_element": 9,
    "description": null
  }
},
{
  "model": "service_development.choice",
  "pk": 9,
  "fields": {}
},
{
  "model": "service_development.choiceoption",
  "pk": 10,
  "fields": {
    "parent": 9,
    "_redirect": 8
  }
},
{
  "model": "service_development.choiceoption",
  "pk": 11,
  "fields": {
    "parent": 9,
    "_redirect": 12
  }
},
{
  "model": "service_development.messagepresentation",
  "pk": 8,
  "fields": {
    "final_element": false,
    "_redirect": null
  }
},
{
  "model": "service_development.messagepresentation",
  "pk": 12,
  "fields": {
    "final_element": false,
    "_redirect": null
  }
},
{
  "model": "service_development.diseasevaccinationday",
  "pk": 1,
  "fields": {
    "disease": 4,
    "number": 1,
    "days_after_birth": 7
  }
},
{
  "model": "service_development.diseasevaccinationday",
  "pk": 2,
  "fields": {
    "disease": 4,
    "number": 2,
    "days_after_birth": 22
  }
},
{
  "model": "service_development.diseasevaccinationday",
  "pk": 3,
  "fields": {
    "disease": 4,
    "number": 3,
    "days_after_birth": 37
  }
},
{
  "model": "service_development.diseasevaccinationday",
  "pk": 4,
  "fields": {
    "disease": 3,
    "number": 1,
    "days_after_birth": 1
  }
},
{
  "model": "service_development.diseasevaccinationday",
  "pk": 5,
  "fields": {
    "disease": 3,
    "number": 2,
    "days_after_birth": 8
  }
},
{
  "model": "service_development.diseasevaccinationday",
  "pk": 6,
  "fields": {
    "disease": 3,
    "number": 3,
    "days_after_birth": 98
  }
},
{
  "model": "service_development.diseasevaccinationday",
  "pk": 7,
  "fields": {
    "disease": 2,
    "number": 1,
    "days_after_birth": 5
  }
},
{
  "model": "service_development.diseasevaccinationday",
  "pk": 8,
  "fields": {
    "disease": 2,
    "number": 2,
    "days_after_birth": 12
  }
},
{
  "model": "service_development.diseasevaccinationday",
  "pk": 9,
  "fields": {
    "disease": 2,
    "number": 3,
    "days_after_birth": 27
  }
},
{
  "model": "service_development.diseasevaccinationday",
  "pk": 10,
  "fields": {
    "disease": 1,
    "number": 1,
    "days_after_birth": 30
  }
},
{
  "model": "service_development.diseasevaccinationday",
  "pk": 11,
  "fields": {
    "disease": 1,
    "number": 2,
    "days_after_birth": 385
  }
},
{
  "model": "service_development.diseasevaccinationday",
  "pk": 12,
  "fields": {
    "disease": 1,
    "number": 3,
    "days_after_birth": 750
  }
},
{
  "model": "service_development.diseasevaccinationday",
  "pk": 13,
  "fields": {
    "disease": 3,
    "number": 4,
    "days_after_birth": 188
  }
},
{
  "model": "service_development.diseasevaccinationday",
  "pk": 14,
  "fields": {
    "disease": 3,
    "number": 5,
    "days_after_birth": 278
  }
},
{
  "model": "service_development.diseasevaccinationday",
  "pk": 15,
  "fields": {
    "disease": 3,
    "number": 6,
    "days_after_birth": 368
  }
},
{
  "model": "service_development.diseasevaccinationday",
  "pk": 16,
  "fields": {
    "disease": 3,
    "number": 7,
    "days_after_birth": 458
  }
},
{
  "model": "service_development.diseasevaccinationday",
  "pk": 17,
  "fields": {
    "disease": 4,
    "number": 4,
    "days_after_birth": 127
  }
},
{
  "model": "service_development.diseasevaccinationday",
  "pk": 18,
  "fields": {
    "disease": 4,
    "number": 5,
    "days_after_birth": 217
  }
},
{
  "model": "service_development.diseasevaccinationday",
  "pk": 19,
  "fields": {
    "disease": 4,
    "number": 6,
    "days_after_birth": 307
  }
},
{
  "model": "service_development.diseasevaccinationday",
  "pk": 20,
  "fields": {
    "disease": 4,
    "number": 7,
    "days_after_birth": 397
  }
},
{
  "model": "service_development.disease",
  "pk": 1,
  "fields": {
    "name": "Fowlpox",
    "voice_label": null
  }
},
{
  "model": "service_development.disease",
  "pk": 2,
  "fields": {
    "name": "Gomboro Disease",
    "voice_label": null
  }
},
{
  "model": "service_development.disease",
  "pk": 3,
  "fields": {
    "name": "Newcastle Disease",
    "voice_label": null
  }
},
{
  "model": "service_development.disease",
  "pk": 4,
  "fields": {
    "name": "Infectious Bronchitis",
    "voice_label": null
  }
},
{
  "model": "service_development.usersdiseases",
  "pk": 1,
  "fields": {
    "user": 2,
    "disease": 1,
    "amount": 3
  }
},
{
  "model": "service_development.vaccination",
  "pk": 5,
  "fields": {
    "batch": 1,
    "disease": 1,
    "date_scheduled": "2018-05-25",
    "date_given": null
  }
},
{
  "model": "service_development.vaccination",
  "pk": 6,
  "fields": {
    "batch": 1,
    "disease": 1,
    "date_scheduled": "2018-05-25",
    "date_given": null
  }
},
{
  "model": "service_development.vaccination",
  "pk": 7,
  "fields": {
    "batch": 1,
    "disease": 1,
    "date_scheduled": "2018-06-01",
    "date_given": null
  }
},
{
  "model": "service_development.vaccination",
  "pk": 8,
  "fields": {
    "batch": 1,
    "disease": 2,
    "date_scheduled": "2018-05-25",
    "date_given": null
  }
},
{
  "model": "service_development.vaccination",
  "pk": 9,
  "fields": {
    "batch": 1,
    "disease": 3,
    "date_scheduled": "2018-05-25",
    "date_given": null
  }
},
{
  "model": "service_development.vaccination",
  "pk": 22,
  "fields": {
    "batch": 1,
    "disease": 1,
    "date_scheduled": "2018-05-30",
    "date_given": null
  }
},
{
  "model": "service_development.vaccination",
  "pk": 23,
  "fields": {
    "batch": 1,
    "disease": 2,
    "date_scheduled": "2018-05-23",
    "date_given": null
  }
},
{
  "model": "service_development.vaccination",
  "pk": 24,
  "fields": {
    "batch": 1,
    "disease": 2,
    "date_scheduled": "2018-05-28",
    "date_given": null
  }
},
{
  "model": "service_development.vaccination",
  "pk": 25,
  "fields": {
    "batch": 1,
    "disease": 2,
    "date_scheduled": "2018-06-02",
    "date_given": null
  }
},
{
  "model": "service_development.vaccination",
  "pk": 26,
  "fields": {
    "batch": 1,
    "disease": 3,
    "date_scheduled": "2018-05-30",
    "date_given": null
  }
},
{
  "model": "service_development.vaccination",
  "pk": 27,
  "fields": {
    "batch": 1,
    "disease": 3,
    "date_scheduled": "2018-06-04",
    "date_given": null
  }
},
{
  "model": "service_development.vaccination",
  "pk": 28,
  "fields": {
    "batch": 1,
    "disease": 3,
    "date_scheduled": "2018-06-13",
    "date_given": null
  }
},
{
  "model": "service_development.vaccination",
  "pk": 29,
  "fields": {
    "batch": 1,
    "disease": 4,
    "date_scheduled": "2018-05-25",
    "date_given": null
  }
},
{
  "model": "service_development.vaccination",
  "pk": 30,
  "fields": {
    "batch": 1,
    "disease": 4,
    "date_scheduled": "2018-05-30",
    "date_given": null
  }
},
{
  "model": "service_development.vaccination",
  "pk": 31,
  "fields": {
    "batch": 1,
    "disease": 4,
    "date_scheduled": "2018-06-06",
    "date_given": null
  }
},
{
  "model": "service_development.vaccination",
  "pk": 32,
  "fields": {
    "batch": 2,
    "disease": 1,
    "date_scheduled": "2018-06-03",
    "date_given": null
  }
},
{
  "model": "service_development.vaccination",
  "pk": 33,
  "fields": {
    "batch": 2,
    "disease": 2,
    "date_scheduled": "2018-05-27",
    "date_given": null
  }
},
{
  "model": "service_development.vaccination",
  "pk": 34,
  "fields": {
    "batch": 2,
    "disease": 2,
    "date_scheduled": "2018-06-01",
    "date_given": null
  }
},
{
  "model": "service_development.vaccination",
  "pk": 35,
  "fields": {
    "batch": 2,
    "disease": 2,
    "date_scheduled": "2018-06-06",
    "date_given": null
  }
},
{
  "model": "service_development.vaccination",
  "pk": 36,
  "fields": {
    "batch": 2,
    "disease": 3,
    "date_scheduled": "2018-06-03",
    "date_given": null
  }
},
{
  "model": "service_development.vaccination",
  "pk": 37,
  "fields": {
    "batch": 2,
    "disease": 3,
    "date_scheduled": "2018-06-08",
    "date_given": null
  }
},
{
  "model": "service_development.vaccination",
  "pk": 38,
  "fields": {
    "batch": 2,
    "disease": 3,
    "date_scheduled": "2018-06-17",
    "date_given": null
  }
},
{
  "model": "service_development.vaccination",
  "pk": 39,
  "fields": {
    "batch": 2,
    "disease": 4,
    "date_scheduled": "2018-05-29",
    "date_given": null
  }
},
{
  "model": "service_development.vaccination",
  "pk": 40,
  "fields": {
    "batch": 2,
    "disease": 4,
    "date_scheduled": "2018-06-03",
    "date_given": null
  }
},
{
  "model": "service_development.vaccination",
  "pk": 41,
  "fields": {
    "batch": 2,
    "disease": 4,
    "date_scheduled": "2018-06-10",
    "date_given": null
  }
},
{
  "model": "service_development.vaccination",
  "pk": 42,
  "fields": {
    "batch": 3,
    "disease": 1,
    "date_scheduled": "2018-06-03",
    "date_given": null
  }
},
{
  "model": "service_development.vaccination",
  "pk": 43,
  "fields": {
    "batch": 3,
    "disease": 2,
    "date_scheduled": "2018-05-27",
    "date_given": null
  }
},
{
  "model": "service_development.vaccination",
  "pk": 44,
  "fields": {
    "batch": 3,
    "disease": 2,
    "date_scheduled": "2018-06-01",
    "date_given": null
  }
},
{
  "model": "service_development.vaccination",
  "pk": 45,
  "fields": {
    "batch": 3,
    "disease": 2,
    "date_scheduled": "2018-06-06",
    "date_given": null
  }
},
{
  "model": "service_development.vaccination",
  "pk": 46,
  "fields": {
    "batch": 3,
    "disease": 3,
    "date_scheduled": "2018-06-03",
    "date_given": null
  }
},
{
  "model": "service_development.vaccination",
  "pk": 47,
  "fields": {
    "batch": 3,
    "disease": 3,
    "date_scheduled": "2018-06-08",
    "date_given": null
  }
},
{
  "model": "service_development.vaccination",
  "pk": 48,
  "fields": {
    "batch": 3,
    "disease": 3,
    "date_scheduled": "2018-06-17",
    "date_given": null
  }
},
{
  "model": "service_development.vaccination",
  "pk": 49,
  "fields": {
    "batch": 3,
    "disease": 4,
    "date_scheduled": "2018-05-29",
    "date_given": null
  }
},
{
  "model": "service_development.vaccination",
  "pk": 50,
  "fields": {
    "batch": 3,
    "disease": 4,
    "date_scheduled": "2018-06-03",
    "date_given": null
  }
},
{
  "model": "service_development.vaccination",
  "pk": 51,
  "fields": {
    "batch": 3,
    "disease": 4,
    "date_scheduled": "2018-06-10",
    "date_given": null
  }
},
{
  "model": "service_development.batch",
  "pk": 1,
  "fields": {
    "user": 2,
    "date": "2018-05-18",
    "amount": 0
  }
},
{
  "model": "service_development.batch",
  "pk": 2,
  "fields": {
    "user": 2,
    "date": "2018-05-22",
    "amount": 0
  }
},
{
  "model": "service_development.batch",
  "pk": 3,
  "fields": {
    "user": 2,
    "date": "2018-05-22",
    "amount": 0
  }
}
]
