[
{
  "model": "service_development.voicelabel",
  "pk": 1,
  "fields": {
    "name": "Dutch language",
    "description": "Nederlandse taal"
  }
},
{
  "model": "service_development.voicelabel",
  "pk": 2,
  "fields": {
    "name": "General error message",
    "description": ""
  }
},
{
  "model": "service_development.voicelabel",
  "pk": 3,
  "fields": {
    "name": "This is the truth",
    "description": ""
  }
},
{
  "model": "service_development.voicelabel",
  "pk": 4,
  "fields": {
    "name": "English language",
    "description": ""
  }
},
{
  "model": "service_development.voicelabel",
  "pk": 5,
  "fields": {
    "name": "Thank you for using this service",
    "description": ""
  }
},
{
  "model": "service_development.voicelabel",
  "pk": 6,
  "fields": {
    "name": "Wow, it must be a really boring guy!",
    "description": ""
  }
},
{
  "model": "service_development.voicelabel",
  "pk": 7,
  "fields": {
    "name": "French language",
    "description": ""
  }
},
{
  "model": "service_development.voicelabel",
  "pk": 8,
  "fields": {
    "name": "Please select your language",
    "description": ""
  }
},
{
  "model": "service_development.voicelabel",
  "pk": 9,
  "fields": {
    "name": "Pre Choice Option",
    "description": ""
  }
},
{
  "model": "service_development.voicelabel",
  "pk": 10,
  "fields": {
    "name": "Post Choice Option",
    "description": ""
  }
},
{
  "model": "service_development.voicelabel",
  "pk": 11,
  "fields": {
    "name": "One",
    "description": ""
  }
},
{
  "model": "service_development.voicelabel",
  "pk": 12,
  "fields": {
    "name": "Two",
    "description": ""
  }
},
{
  "model": "service_development.voicelabel",
  "pk": 13,
  "fields": {
    "name": "Three",
    "description": ""
  }
},
{
  "model": "service_development.voicelabel",
  "pk": 14,
  "fields": {
    "name": "Four",
    "description": ""
  }
},
{
  "model": "service_development.voicelabel",
  "pk": 15,
  "fields": {
    "name": "Five",
    "description": ""
  }
},
{
  "model": "service_development.voicelabel",
  "pk": 16,
  "fields": {
    "name": "Six",
    "description": ""
  }
},
{
  "model": "service_development.voicelabel",
  "pk": 17,
  "fields": {
    "name": "Seven",
    "description": ""
  }
},
{
  "model": "service_development.voicelabel",
  "pk": 18,
  "fields": {
    "name": "Eight",
    "description": ""
  }
},
{
  "model": "service_development.voicelabel",
  "pk": 19,
  "fields": {
    "name": "Nine",
    "description": ""
  }
},
{
  "model": "service_development.voicelabel",
  "pk": 20,
  "fields": {
    "name": "Zero",
    "description": ""
  }
},
{
  "model": "service_development.voicelabel",
  "pk": 21,
  "fields": {
    "name": "Yes account",
    "description": null
  }
},
{
  "model": "service_development.voicelabel",
  "pk": 22,
  "fields": {
    "name": "No account",
    "description": null
  }
},
{
  "model": "service_development.voicelabel",
  "pk": 23,
  "fields": {
    "name": "Does the king like to drink beer?",
    "description": ""
  }
},
{
  "model": "service_development.voicelabel",
  "pk": 25,
  "fields": {
    "name": "Please speak your message",
    "description": ""
  }
},
{
  "model": "service_development.voicelabel",
  "pk": 26,
  "fields": {
    "name": "You're now logged in.",
    "description": null
  }
},
{
  "model": "service_development.voicelabel",
  "pk": 27,
  "fields": {
    "name": "Let's make an account.",
    "description": null
  }
},
{
  "model": "service_development.voicelabel",
  "pk": 28,
  "fields": {
    "name": "Hello farmer! Are you already registered?",
    "description": null
  }
},
{
  "model": "service_development.voicelabel",
  "pk": 30,
  "fields": {
    "name": "This is the main menu.",
    "description": "Main menu with menu options."
  }
},
{
  "model": "service_development.voicelabel",
  "pk": 31,
  "fields": {
    "name": "Yes",
    "description": null
  }
},
{
  "model": "service_development.voicelabel",
  "pk": 32,
  "fields": {
    "name": "No",
    "description": null
  }
},
{
  "model": "service_development.voicelabel",
  "pk": 33,
  "fields": {
    "name": "Please say your first and last names.",
    "description": null
  }
},
{
  "model": "service_development.voicelabel",
  "pk": 34,
  "fields": {
    "name": "How many newborns?",
    "description": null
  }
},
{
  "model": "service_development.voicelabel",
  "pk": 35,
  "fields": {
    "name": "Are your chickens born today?",
    "description": null
  }
},
{
  "model": "service_development.voicelabel",
  "pk": 36,
  "fields": {
    "name": "Thank you. Your information has been added to your",
    "description": null
  }
},
{
  "model": "service_development.voicelabel",
  "pk": 37,
  "fields": {
    "name": "How many days ago were your chickens born?",
    "description": null
  }
},
{
  "model": "service_development.voicelabel",
  "pk": 38,
  "fields": {
    "name": "End menu prompt",
    "description": null
  }
},
{
  "model": "service_development.voicelabel",
  "pk": 39,
  "fields": {
    "name": "End call prompt",
    "description": null
  }
},
{
  "model": "service_development.voicelabel",
  "pk": 40,
  "fields": {
    "name": "You would like to enter newborn chicks.",
    "description": null
  }
},
{
  "model": "service_development.voicelabel",
  "pk": 41,
  "fields": {
    "name": "You would like to report a disease.",
    "description": null
  }
},
{
  "model": "service_development.voicelabel",
  "pk": 42,
  "fields": {
    "name": "You would like to enter new vaccination date.",
    "description": null
  }
},
{
  "model": "service_development.voicelabel",
  "pk": 43,
  "fields": {
    "name": "We will send you back to the main menu.",
    "description": null
  }
},
{
  "model": "service_development.language",
  "pk": 1,
  "fields": {
    "name": "Nederlands",
    "code": "nl",
    "voice_label": 1,
    "error_message": 2,
    "select_language": 8,
    "pre_choice_option": 9,
    "post_choice_option": 10,
    "one": 11,
    "two": 12,
    "three": 13,
    "four": 14,
    "five": 15,
    "six": 16,
    "seven": 17,
    "eight": 18,
    "nine": 19,
    "zero": 20
  }
},
{
  "model": "service_development.language",
  "pk": 2,
  "fields": {
    "name": "English",
    "code": "en",
    "voice_label": 4,
    "error_message": 2,
    "select_language": 8,
    "pre_choice_option": 9,
    "post_choice_option": 10,
    "one": 11,
    "two": 12,
    "three": 13,
    "four": 14,
    "five": 15,
    "six": 16,
    "seven": 17,
    "eight": 18,
    "nine": 19,
    "zero": 20
  }
},
{
  "model": "service_development.language",
  "pk": 3,
  "fields": {
    "name": "Francais",
    "code": "fr",
    "voice_label": 7,
    "error_message": 2,
    "select_language": 8,
    "pre_choice_option": 9,
    "post_choice_option": 10,
    "one": 11,
    "two": 12,
    "three": 13,
    "four": 14,
    "five": 15,
    "six": 16,
    "seven": 17,
    "eight": 18,
    "nine": 19,
    "zero": 20
  }
},
{
  "model": "service_development.voicefragment",
  "pk": 1,
  "fields": {
    "parent": 6,
    "language": 2,
    "audio": "boring_guy_en.wav"
  }
},
{
  "model": "service_development.voicefragment",
  "pk": 2,
  "fields": {
    "parent": 6,
    "language": 1,
    "audio": "boring_guy_nl.wav"
  }
},
{
  "model": "service_development.voicefragment",
  "pk": 7,
  "fields": {
    "parent": 22,
    "language": 2,
    "audio": "no_en.wav"
  }
},
{
  "model": "service_development.voicefragment",
  "pk": 8,
  "fields": {
    "parent": 22,
    "language": 3,
    "audio": "no_fr.wav"
  }
},
{
  "model": "service_development.voicefragment",
  "pk": 10,
  "fields": {
    "parent": 21,
    "language": 2,
    "audio": "yes_en.wav"
  }
},
{
  "model": "service_development.voicefragment",
  "pk": 11,
  "fields": {
    "parent": 21,
    "language": 3,
    "audio": "yes_fr.wav"
  }
},
{
  "model": "service_development.voicefragment",
  "pk": 12,
  "fields": {
    "parent": 20,
    "language": 1,
    "audio": "0_nl.wav"
  }
},
{
  "model": "service_development.voicefragment",
  "pk": 13,
  "fields": {
    "parent": 20,
    "language": 2,
    "audio": "0_en.wav"
  }
},
{
  "model": "service_development.voicefragment",
  "pk": 14,
  "fields": {
    "parent": 20,
    "language": 3,
    "audio": "0_fr.wav"
  }
},
{
  "model": "service_development.voicefragment",
  "pk": 15,
  "fields": {
    "parent": 19,
    "language": 1,
    "audio": "9_nl.wav"
  }
},
{
  "model": "service_development.voicefragment",
  "pk": 16,
  "fields": {
    "parent": 19,
    "language": 2,
    "audio": "9_fr.wav"
  }
},
{
  "model": "service_development.voicefragment",
  "pk": 17,
  "fields": {
    "parent": 19,
    "language": 3,
    "audio": "9_en.wav"
  }
},
{
  "model": "service_development.voicefragment",
  "pk": 18,
  "fields": {
    "parent": 18,
    "language": 1,
    "audio": "8_nl.wav"
  }
},
{
  "model": "service_development.voicefragment",
  "pk": 19,
  "fields": {
    "parent": 18,
    "language": 2,
    "audio": "8_en.wav"
  }
},
{
  "model": "service_development.voicefragment",
  "pk": 20,
  "fields": {
    "parent": 18,
    "language": 3,
    "audio": "8_fr.wav"
  }
},
{
  "model": "service_development.voicefragment",
  "pk": 21,
  "fields": {
    "parent": 17,
    "language": 1,
    "audio": "7_nl.wav"
  }
},
{
  "model": "service_development.voicefragment",
  "pk": 22,
  "fields": {
    "parent": 17,
    "language": 2,
    "audio": "7_en.wav"
  }
},
{
  "model": "service_development.voicefragment",
  "pk": 23,
  "fields": {
    "parent": 17,
    "language": 3,
    "audio": "7_fr.wav"
  }
},
{
  "model": "service_development.voicefragment",
  "pk": 24,
  "fields": {
    "parent": 16,
    "language": 1,
    "audio": "6_nl.wav"
  }
},
{
  "model": "service_development.voicefragment",
  "pk": 25,
  "fields": {
    "parent": 16,
    "language": 2,
    "audio": "6_en.wav"
  }
},
{
  "model": "service_development.voicefragment",
  "pk": 26,
  "fields": {
    "parent": 16,
    "language": 3,
    "audio": "6_fr.wav"
  }
},
{
  "model": "service_development.voicefragment",
  "pk": 27,
  "fields": {
    "parent": 15,
    "language": 1,
    "audio": "5_nl.wav"
  }
},
{
  "model": "service_development.voicefragment",
  "pk": 28,
  "fields": {
    "parent": 15,
    "language": 2,
    "audio": "5_en.wav"
  }
},
{
  "model": "service_development.voicefragment",
  "pk": 29,
  "fields": {
    "parent": 15,
    "language": 3,
    "audio": "5_fr.wav"
  }
},
{
  "model": "service_development.voicefragment",
  "pk": 30,
  "fields": {
    "parent": 14,
    "language": 1,
    "audio": "4_nl.wav"
  }
},
{
  "model": "service_development.voicefragment",
  "pk": 31,
  "fields": {
    "parent": 14,
    "language": 2,
    "audio": "4_fr.wav"
  }
},
{
  "model": "service_development.voicefragment",
  "pk": 32,
  "fields": {
    "parent": 14,
    "language": 3,
    "audio": "4_en.wav"
  }
},
{
  "model": "service_development.voicefragment",
  "pk": 33,
  "fields": {
    "parent": 13,
    "language": 1,
    "audio": "3_nl.wav"
  }
},
{
  "model": "service_development.voicefragment",
  "pk": 34,
  "fields": {
    "parent": 13,
    "language": 2,
    "audio": "3_en.wav"
  }
},
{
  "model": "service_development.voicefragment",
  "pk": 35,
  "fields": {
    "parent": 13,
    "language": 3,
    "audio": "3_fr.wav"
  }
},
{
  "model": "service_development.voicefragment",
  "pk": 36,
  "fields": {
    "parent": 12,
    "language": 1,
    "audio": "2_nl.wav"
  }
},
{
  "model": "service_development.voicefragment",
  "pk": 37,
  "fields": {
    "parent": 12,
    "language": 2,
    "audio": "2_en.wav"
  }
},
{
  "model": "service_development.voicefragment",
  "pk": 38,
  "fields": {
    "parent": 12,
    "language": 3,
    "audio": "2_fr.wav"
  }
},
{
  "model": "service_development.voicefragment",
  "pk": 39,
  "fields": {
    "parent": 11,
    "language": 1,
    "audio": "1_nl.wav"
  }
},
{
  "model": "service_development.voicefragment",
  "pk": 40,
  "fields": {
    "parent": 11,
    "language": 2,
    "audio": "1_en.wav"
  }
},
{
  "model": "service_development.voicefragment",
  "pk": 41,
  "fields": {
    "parent": 11,
    "language": 3,
    "audio": "1_fr.wav"
  }
},
{
  "model": "service_development.voicefragment",
  "pk": 42,
  "fields": {
    "parent": 10,
    "language": 1,
    "audio": "post_choice_option_nl.wav"
  }
},
{
  "model": "service_development.voicefragment",
  "pk": 43,
  "fields": {
    "parent": 10,
    "language": 2,
    "audio": "post_choice_option_en.wav"
  }
},
{
  "model": "service_development.voicefragment",
  "pk": 44,
  "fields": {
    "parent": 10,
    "language": 3,
    "audio": "post_choice_option_fr.wav"
  }
},
{
  "model": "service_development.voicefragment",
  "pk": 45,
  "fields": {
    "parent": 9,
    "language": 1,
    "audio": "pre_choice_option_nl.wav"
  }
},
{
  "model": "service_development.voicefragment",
  "pk": 46,
  "fields": {
    "parent": 9,
    "language": 2,
    "audio": "pre_choice_option_en.wav"
  }
},
{
  "model": "service_development.voicefragment",
  "pk": 47,
  "fields": {
    "parent": 9,
    "language": 3,
    "audio": "pre_choice_option_fr.wav"
  }
},
{
  "model": "service_development.voicefragment",
  "pk": 48,
  "fields": {
    "parent": 8,
    "language": 1,
    "audio": "select_language_nl.wav"
  }
},
{
  "model": "service_development.voicefragment",
  "pk": 49,
  "fields": {
    "parent": 8,
    "language": 2,
    "audio": "select_language_en.wav"
  }
},
{
  "model": "service_development.voicefragment",
  "pk": 50,
  "fields": {
    "parent": 8,
    "language": 3,
    "audio": "select_language_fr.wav"
  }
},
{
  "model": "service_development.voicefragment",
  "pk": 51,
  "fields": {
    "parent": 7,
    "language": 1,
    "audio": "french_nl.wav"
  }
},
{
  "model": "service_development.voicefragment",
  "pk": 52,
  "fields": {
    "parent": 7,
    "language": 2,
    "audio": "french_en.wav"
  }
},
{
  "model": "service_development.voicefragment",
  "pk": 53,
  "fields": {
    "parent": 7,
    "language": 3,
    "audio": "french_fr.wav"
  }
},
{
  "model": "service_development.voicefragment",
  "pk": 54,
  "fields": {
    "parent": 6,
    "language": 3,
    "audio": "boring_guy_fr.wav"
  }
},
{
  "model": "service_development.voicefragment",
  "pk": 55,
  "fields": {
    "parent": 5,
    "language": 1,
    "audio": "thank_you_for_using_nl.wav"
  }
},
{
  "model": "service_development.voicefragment",
  "pk": 56,
  "fields": {
    "parent": 5,
    "language": 2,
    "audio": "thank_you_for_using_en.wav"
  }
},
{
  "model": "service_development.voicefragment",
  "pk": 57,
  "fields": {
    "parent": 5,
    "language": 3,
    "audio": "thank_you_for_using_fr.wav"
  }
},
{
  "model": "service_development.voicefragment",
  "pk": 58,
  "fields": {
    "parent": 4,
    "language": 1,
    "audio": "english_nl.wav"
  }
},
{
  "model": "service_development.voicefragment",
  "pk": 59,
  "fields": {
    "parent": 4,
    "language": 2,
    "audio": "english_en.wav"
  }
},
{
  "model": "service_development.voicefragment",
  "pk": 60,
  "fields": {
    "parent": 4,
    "language": 3,
    "audio": "english_fr.wav"
  }
},
{
  "model": "service_development.voicefragment",
  "pk": 61,
  "fields": {
    "parent": 3,
    "language": 1,
    "audio": "truth_nl.wav"
  }
},
{
  "model": "service_development.voicefragment",
  "pk": 62,
  "fields": {
    "parent": 3,
    "language": 2,
    "audio": "truth_en.wav"
  }
},
{
  "model": "service_development.voicefragment",
  "pk": 63,
  "fields": {
    "parent": 3,
    "language": 3,
    "audio": "truth_fr.wav"
  }
},
{
  "model": "service_development.voicefragment",
  "pk": 64,
  "fields": {
    "parent": 2,
    "language": 1,
    "audio": "error_nl.wav"
  }
},
{
  "model": "service_development.voicefragment",
  "pk": 65,
  "fields": {
    "parent": 2,
    "language": 2,
    "audio": "error_en.wav"
  }
},
{
  "model": "service_development.voicefragment",
  "pk": 66,
  "fields": {
    "parent": 2,
    "language": 3,
    "audio": "error_fr.wav"
  }
},
{
  "model": "service_development.voicefragment",
  "pk": 67,
  "fields": {
    "parent": 1,
    "language": 1,
    "audio": "dutch_nl.wav"
  }
},
{
  "model": "service_development.voicefragment",
  "pk": 68,
  "fields": {
    "parent": 1,
    "language": 2,
    "audio": "dutch_en.wav"
  }
},
{
  "model": "service_development.voicefragment",
  "pk": 69,
  "fields": {
    "parent": 1,
    "language": 3,
    "audio": "dutch_fr.wav"
  }
},
{
  "model": "service_development.voicefragment",
  "pk": 70,
  "fields": {
    "parent": 23,
    "language": 1,
    "audio": "king_question_nl.wav"
  }
},
{
  "model": "service_development.voicefragment",
  "pk": 71,
  "fields": {
    "parent": 23,
    "language": 2,
    "audio": "king_question_en.wav"
  }
},
{
  "model": "service_development.voicefragment",
  "pk": 72,
  "fields": {
    "parent": 23,
    "language": 3,
    "audio": "king_question_fr.wav"
  }
},
{
  "model": "service_development.voicefragment",
  "pk": 74,
  "fields": {
    "parent": 25,
    "language": 3,
    "audio": "speakYourMessage.wav"
  }
},
{
  "model": "service_development.voicefragment",
  "pk": 75,
  "fields": {
    "parent": 26,
    "language": 2,
    "audio": "logged_in_en.wav"
  }
},
{
  "model": "service_development.voicefragment",
  "pk": 76,
  "fields": {
    "parent": 26,
    "language": 3,
    "audio": "logged_in_fr.wav"
  }
},
{
  "model": "service_development.voicefragment",
  "pk": 77,
  "fields": {
    "parent": 27,
    "language": 2,
    "audio": "make_account_en.wav"
  }
},
{
  "model": "service_development.voicefragment",
  "pk": 78,
  "fields": {
    "parent": 27,
    "language": 3,
    "audio": "make_account_fr.wav"
  }
},
{
  "model": "service_development.voicefragment",
  "pk": 79,
  "fields": {
    "parent": 28,
    "language": 2,
    "audio": "welcome_registration_checker_en_LHLJE9e.wav"
  }
},
{
  "model": "service_development.voicefragment",
  "pk": 80,
  "fields": {
    "parent": 28,
    "language": 3,
    "audio": "welcome_registration_checker_fr_6Xq4oPC.wav"
  }
},
{
  "model": "service_development.voicefragment",
  "pk": 83,
  "fields": {
    "parent": 30,
    "language": 2,
    "audio": "main_menu_en.wav"
  }
},
{
  "model": "service_development.voicefragment",
  "pk": 84,
  "fields": {
    "parent": 30,
    "language": 3,
    "audio": "main_menu_fr.wav"
  }
},
{
  "model": "service_development.voicefragment",
  "pk": 85,
  "fields": {
    "parent": 31,
    "language": 2,
    "audio": "yes_en_tERjswT.wav"
  }
},
{
  "model": "service_development.voicefragment",
  "pk": 86,
  "fields": {
    "parent": 31,
    "language": 3,
    "audio": "yes_fr_sZsiLZG.wav"
  }
},
{
  "model": "service_development.voicefragment",
  "pk": 87,
  "fields": {
    "parent": 32,
    "language": 2,
    "audio": "no_en_DHk0Ded.wav"
  }
},
{
  "model": "service_development.voicefragment",
  "pk": 88,
  "fields": {
    "parent": 32,
    "language": 3,
    "audio": "no_fr_oBB3ijn.wav"
  }
},
{
  "model": "service_development.voicefragment",
  "pk": 89,
  "fields": {
    "parent": 33,
    "language": 2,
    "audio": "say_names_en.wav"
  }
},
{
  "model": "service_development.voicefragment",
  "pk": 90,
  "fields": {
    "parent": 33,
    "language": 3,
    "audio": "say_names_fr.wav"
  }
},
{
  "model": "service_development.voicefragment",
  "pk": 91,
  "fields": {
    "parent": 34,
    "language": 2,
    "audio": "amount_newborns_en.wav"
  }
},
{
  "model": "service_development.voicefragment",
  "pk": 92,
  "fields": {
    "parent": 34,
    "language": 3,
    "audio": "amount_newborns_fr.wav"
  }
},
{
  "model": "service_development.voicefragment",
  "pk": 93,
  "fields": {
    "parent": 35,
    "language": 2,
    "audio": "birth_date_en.wav"
  }
},
{
  "model": "service_development.voicefragment",
  "pk": 94,
  "fields": {
    "parent": 35,
    "language": 3,
    "audio": "birth_date_fr.wav"
  }
},
{
  "model": "service_development.voicefragment",
  "pk": 95,
  "fields": {
    "parent": 36,
    "language": 2,
    "audio": "info_added_en.wav"
  }
},
{
  "model": "service_development.voicefragment",
  "pk": 96,
  "fields": {
    "parent": 36,
    "language": 3,
    "audio": "info_added_fr.wav"
  }
},
{
  "model": "service_development.voicefragment",
  "pk": 97,
  "fields": {
    "parent": 37,
    "language": 2,
    "audio": "born_days_ago_en.wav"
  }
},
{
  "model": "service_development.voicefragment",
  "pk": 98,
  "fields": {
    "parent": 37,
    "language": 3,
    "audio": "birth_date_fr_sw5LEtb.wav"
  }
},
{
  "model": "service_development.voicefragment",
  "pk": 99,
  "fields": {
    "parent": 38,
    "language": 2,
    "audio": "end_menu_en.wav"
  }
},
{
  "model": "service_development.voicefragment",
  "pk": 100,
  "fields": {
    "parent": 38,
    "language": 3,
    "audio": "end_menu_fr.wav"
  }
},
{
  "model": "service_development.voicefragment",
  "pk": 101,
  "fields": {
    "parent": 39,
    "language": 2,
    "audio": "end_call_en.wav"
  }
},
{
  "model": "service_development.voicefragment",
  "pk": 102,
  "fields": {
    "parent": 39,
    "language": 3,
    "audio": "end_call_fr.wav"
  }
},
{
  "model": "service_development.voicefragment",
  "pk": 103,
  "fields": {
    "parent": 40,
    "language": 2,
    "audio": "goto_newborns_en.wav"
  }
},
{
  "model": "service_development.voicefragment",
  "pk": 104,
  "fields": {
    "parent": 40,
    "language": 3,
    "audio": "goto_newborns_fr.wav"
  }
},
{
  "model": "service_development.voicefragment",
  "pk": 105,
  "fields": {
    "parent": 41,
    "language": 2,
    "audio": "goto_disease_en.wav"
  }
},
{
  "model": "service_development.voicefragment",
  "pk": 106,
  "fields": {
    "parent": 41,
    "language": 3,
    "audio": "goto_disease_fr.wav"
  }
},
{
  "model": "service_development.voicefragment",
  "pk": 107,
  "fields": {
    "parent": 42,
    "language": 2,
    "audio": "goto_vaccination_en.wav"
  }
},
{
  "model": "service_development.voicefragment",
  "pk": 108,
  "fields": {
    "parent": 42,
    "language": 3,
    "audio": "goto_vaccination_fr.wav"
  }
},
{
  "model": "service_development.voicefragment",
  "pk": 109,
  "fields": {
    "parent": 43,
    "language": 2,
    "audio": "goto_main_menu_en.wav"
  }
},
{
  "model": "service_development.voicefragment",
  "pk": 110,
  "fields": {
    "parent": 43,
    "language": 3,
    "audio": "goto_main_menu_fr.wav"
  }
},
{
  "model": "service_development.voiceservicesubelement",
  "pk": 2,
  "fields": {
    "service": 1,
    "creation_date": "2017-04-23T19:30:23.792Z",
    "modification_date": "2018-04-25T17:06:34.442Z",
    "name": "Does the king like to drink beer?",
    "description": "",
    "voice_label": 23
  }
},
{
  "model": "service_development.voiceservicesubelement",
  "pk": 3,
  "fields": {
    "service": 1,
    "creation_date": "2017-04-23T19:32:07.853Z",
    "modification_date": "2018-04-25T17:06:34.447Z",
    "name": "Yes",
    "description": "King <3's BEER",
    "voice_label": 31
  }
},
{
  "model": "service_development.voiceservicesubelement",
  "pk": 4,
  "fields": {
    "service": 1,
    "creation_date": "2017-04-23T19:32:07.854Z",
    "modification_date": "2018-04-25T17:06:34.449Z",
    "name": "No",
    "description": "",
    "voice_label": 32
  }
},
{
  "model": "service_development.voiceservicesubelement",
  "pk": 5,
  "fields": {
    "service": 1,
    "creation_date": "2017-04-23T19:49:50.055Z",
    "modification_date": "2018-02-16T16:42:51.484Z",
    "name": "This is the truth",
    "description": "",
    "voice_label": 3
  }
},
{
  "model": "service_development.voiceservicesubelement",
  "pk": 6,
  "fields": {
    "service": 1,
    "creation_date": "2017-04-23T21:11:06.805Z",
    "modification_date": "2017-04-23T21:33:29.853Z",
    "name": "Thank you for using this service",
    "description": "",
    "voice_label": 5
  }
},
{
  "model": "service_development.voiceservicesubelement",
  "pk": 7,
  "fields": {
    "service": 1,
    "creation_date": "2017-04-23T21:36:55.756Z",
    "modification_date": "2017-04-23T21:36:55.756Z",
    "name": "King is boring",
    "description": "",
    "voice_label": 6
  }
},
{
  "model": "service_development.voiceservicesubelement",
  "pk": 8,
  "fields": {
    "service": 2,
    "creation_date": "2018-04-25T09:51:23.181Z",
    "modification_date": "2018-04-25T15:32:59.825Z",
    "name": "You're now logged in.",
    "description": "",
    "voice_label": 26
  }
},
{
  "model": "service_development.voiceservicesubelement",
  "pk": 9,
  "fields": {
    "service": 2,
    "creation_date": "2018-04-25T10:30:44.522Z",
    "modification_date": "2018-04-25T15:59:47.917Z",
    "name": "Hello farmer! Welcome to our chicken vaccination programm. Are you already registered?",
    "description": "",
    "voice_label": 28
  }
},
{
  "model": "service_development.voiceservicesubelement",
  "pk": 10,
  "fields": {
    "service": 2,
    "creation_date": "2018-04-25T10:30:44.528Z",
    "modification_date": "2018-04-25T15:25:18.204Z",
    "name": "Yes account",
    "description": "Already registered",
    "voice_label": 21
  }
},
{
  "model": "service_development.voiceservicesubelement",
  "pk": 11,
  "fields": {
    "service": 2,
    "creation_date": "2018-04-25T10:30:44.531Z",
    "modification_date": "2018-04-25T15:25:18.208Z",
    "name": "No account",
    "description": "Not registered",
    "voice_label": 22
  }
},
{
  "model": "service_development.voiceservicesubelement",
  "pk": 12,
  "fields": {
    "service": 2,
    "creation_date": "2018-04-25T11:01:20.834Z",
    "modification_date": "2018-04-25T15:56:00.906Z",
    "name": "Let's make an account.",
    "description": "",
    "voice_label": 27
  }
},
{
  "model": "service_development.voiceservicesubelement",
  "pk": 18,
  "fields": {
    "service": 4,
    "creation_date": "2018-04-25T12:54:45.079Z",
    "modification_date": "2018-04-25T17:37:48.388Z",
    "name": "Main menu options",
    "description": "Main menu with menu options.",
    "voice_label": 30
  }
},
{
  "model": "service_development.voiceservicesubelement",
  "pk": 19,
  "fields": {
    "service": 4,
    "creation_date": "2018-04-25T12:54:45.087Z",
    "modification_date": "2018-04-25T13:15:38.924Z",
    "name": "Newborns",
    "description": "go to newborns",
    "voice_label": 30
  }
},
{
  "model": "service_development.voiceservicesubelement",
  "pk": 20,
  "fields": {
    "service": 4,
    "creation_date": "2018-04-25T12:54:45.087Z",
    "modification_date": "2018-04-25T13:29:51.232Z",
    "name": "Disease Notification",
    "description": "go to disease notification",
    "voice_label": 30
  }
},
{
  "model": "service_development.voiceservicesubelement",
  "pk": 21,
  "fields": {
    "service": 4,
    "creation_date": "2018-04-25T12:54:45.091Z",
    "modification_date": "2018-04-25T13:29:51.232Z",
    "name": "Vaccination Notification",
    "description": "go to vaccination notification",
    "voice_label": 30
  }
},
{
  "model": "service_development.voiceservicesubelement",
  "pk": 22,
  "fields": {
    "service": 4,
    "creation_date": "2018-04-25T13:08:11.553Z",
    "modification_date": "2018-04-25T17:24:10.212Z",
    "name": "You would like to enter newborn chicks.",
    "description": "Confirm and go to newborn chicks.",
    "voice_label": 40
  }
},
{
  "model": "service_development.voiceservicesubelement",
  "pk": 23,
  "fields": {
    "service": 4,
    "creation_date": "2018-04-25T13:23:28.232Z",
    "modification_date": "2018-04-25T17:25:20.764Z",
    "name": "You would like to report a disease.",
    "description": "Confirm and go to disease notification.",
    "voice_label": 41
  }
},
{
  "model": "service_development.voiceservicesubelement",
  "pk": 24,
  "fields": {
    "service": 4,
    "creation_date": "2018-04-25T13:25:25.934Z",
    "modification_date": "2018-04-25T17:26:12.350Z",
    "name": "You would like to enter new vaccination date.",
    "description": "Confirm and go to vaccination notification.",
    "voice_label": 42
  }
},
{
  "model": "service_development.voiceservicesubelement",
  "pk": 26,
  "fields": {
    "service": 3,
    "creation_date": "2018-04-25T15:54:59.811Z",
    "modification_date": "2018-04-25T15:54:59.811Z",
    "name": "To create an account, please say your first and last name.",
    "description": "",
    "voice_label": 33
  }
},
{
  "model": "service_development.voiceservicesubelement",
  "pk": 27,
  "fields": {
    "service": 5,
    "creation_date": "2018-04-25T16:13:23.564Z",
    "modification_date": "2018-04-25T17:45:05.349Z",
    "name": "How many newborn chickens do you have?",
    "description": "",
    "voice_label": 34
  }
},
{
  "model": "service_development.voiceservicesubelement",
  "pk": 28,
  "fields": {
    "service": 5,
    "creation_date": "2018-04-25T16:13:23.570Z",
    "modification_date": "2018-04-25T17:09:12.388Z",
    "name": "1",
    "description": "",
    "voice_label": 11
  }
},
{
  "model": "service_development.voiceservicesubelement",
  "pk": 29,
  "fields": {
    "service": 5,
    "creation_date": "2018-04-25T16:13:23.571Z",
    "modification_date": "2018-04-25T17:09:12.390Z",
    "name": "2",
    "description": "",
    "voice_label": 12
  }
},
{
  "model": "service_development.voiceservicesubelement",
  "pk": 30,
  "fields": {
    "service": 5,
    "creation_date": "2018-04-25T16:13:23.573Z",
    "modification_date": "2018-04-25T17:09:12.393Z",
    "name": "3",
    "description": "",
    "voice_label": 13
  }
},
{
  "model": "service_development.voiceservicesubelement",
  "pk": 31,
  "fields": {
    "service": 5,
    "creation_date": "2018-04-25T16:13:23.576Z",
    "modification_date": "2018-04-25T17:09:12.395Z",
    "name": "4",
    "description": "",
    "voice_label": 14
  }
},
{
  "model": "service_development.voiceservicesubelement",
  "pk": 32,
  "fields": {
    "service": 5,
    "creation_date": "2018-04-25T16:13:23.578Z",
    "modification_date": "2018-04-25T17:09:12.397Z",
    "name": "5",
    "description": "",
    "voice_label": 15
  }
},
{
  "model": "service_development.voiceservicesubelement",
  "pk": 33,
  "fields": {
    "service": 5,
    "creation_date": "2018-04-25T16:13:23.580Z",
    "modification_date": "2018-04-25T17:09:12.399Z",
    "name": "6",
    "description": "",
    "voice_label": 16
  }
},
{
  "model": "service_development.voiceservicesubelement",
  "pk": 34,
  "fields": {
    "service": 5,
    "creation_date": "2018-04-25T16:13:23.582Z",
    "modification_date": "2018-04-25T17:09:12.401Z",
    "name": "7",
    "description": "",
    "voice_label": 17
  }
},
{
  "model": "service_development.voiceservicesubelement",
  "pk": 35,
  "fields": {
    "service": 5,
    "creation_date": "2018-04-25T16:13:23.584Z",
    "modification_date": "2018-04-25T17:09:12.403Z",
    "name": "8",
    "description": "",
    "voice_label": 18
  }
},
{
  "model": "service_development.voiceservicesubelement",
  "pk": 36,
  "fields": {
    "service": 5,
    "creation_date": "2018-04-25T16:13:23.587Z",
    "modification_date": "2018-04-25T17:09:12.405Z",
    "name": "9",
    "description": "",
    "voice_label": 19
  }
},
{
  "model": "service_development.voiceservicesubelement",
  "pk": 37,
  "fields": {
    "service": 5,
    "creation_date": "2018-04-25T16:13:23.588Z",
    "modification_date": "2018-04-25T17:09:12.407Z",
    "name": "0",
    "description": "",
    "voice_label": 20
  }
},
{
  "model": "service_development.voiceservicesubelement",
  "pk": 38,
  "fields": {
    "service": 5,
    "creation_date": "2018-04-25T16:21:56.398Z",
    "modification_date": "2018-04-25T17:07:47.011Z",
    "name": "Are your chickens born today?",
    "description": "",
    "voice_label": 35
  }
},
{
  "model": "service_development.voiceservicesubelement",
  "pk": 39,
  "fields": {
    "service": 5,
    "creation_date": "2018-04-25T16:21:56.404Z",
    "modification_date": "2018-04-25T17:07:47.019Z",
    "name": "Today",
    "description": "",
    "voice_label": 31
  }
},
{
  "model": "service_development.voiceservicesubelement",
  "pk": 40,
  "fields": {
    "service": 5,
    "creation_date": "2018-04-25T16:21:56.407Z",
    "modification_date": "2018-04-25T17:07:47.022Z",
    "name": "Not today",
    "description": "",
    "voice_label": 32
  }
},
{
  "model": "service_development.voiceservicesubelement",
  "pk": 41,
  "fields": {
    "service": 5,
    "creation_date": "2018-04-25T16:34:52.438Z",
    "modification_date": "2018-04-25T17:09:40.386Z",
    "name": "How many days ago were your chickens born?",
    "description": "",
    "voice_label": 37
  }
},
{
  "model": "service_development.voiceservicesubelement",
  "pk": 42,
  "fields": {
    "service": 5,
    "creation_date": "2018-04-25T16:34:52.445Z",
    "modification_date": "2018-04-25T17:09:40.390Z",
    "name": "1",
    "description": "",
    "voice_label": 11
  }
},
{
  "model": "service_development.voiceservicesubelement",
  "pk": 43,
  "fields": {
    "service": 5,
    "creation_date": "2018-04-25T16:34:52.449Z",
    "modification_date": "2018-04-25T17:09:40.392Z",
    "name": "2",
    "description": "",
    "voice_label": 12
  }
},
{
  "model": "service_development.voiceservicesubelement",
  "pk": 44,
  "fields": {
    "service": 5,
    "creation_date": "2018-04-25T16:34:52.451Z",
    "modification_date": "2018-04-25T17:09:40.394Z",
    "name": "3",
    "description": "",
    "voice_label": 13
  }
},
{
  "model": "service_development.voiceservicesubelement",
  "pk": 45,
  "fields": {
    "service": 5,
    "creation_date": "2018-04-25T16:34:52.453Z",
    "modification_date": "2018-04-25T17:09:40.397Z",
    "name": "4",
    "description": "",
    "voice_label": 14
  }
},
{
  "model": "service_development.voiceservicesubelement",
  "pk": 46,
  "fields": {
    "service": 5,
    "creation_date": "2018-04-25T16:34:52.456Z",
    "modification_date": "2018-04-25T17:09:40.399Z",
    "name": "5",
    "description": "",
    "voice_label": 15
  }
},
{
  "model": "service_development.voiceservicesubelement",
  "pk": 47,
  "fields": {
    "service": 5,
    "creation_date": "2018-04-25T16:38:52.118Z",
    "modification_date": "2018-04-25T17:26:38.550Z",
    "name": "Your information has been added to your profile.",
    "description": "",
    "voice_label": 36
  }
},
{
  "model": "service_development.voiceservicesubelement",
  "pk": 48,
  "fields": {
    "service": 8,
    "creation_date": "2018-04-25T17:05:04.757Z",
    "modification_date": "2018-04-25T17:42:32.332Z",
    "name": "End menu options",
    "description": "End menu options",
    "voice_label": 38
  }
},
{
  "model": "service_development.voiceservicesubelement",
  "pk": 49,
  "fields": {
    "service": 8,
    "creation_date": "2018-04-25T17:05:04.762Z",
    "modification_date": "2018-04-25T17:42:32.336Z",
    "name": "1",
    "description": "go to main menu",
    "voice_label": 38
  }
},
{
  "model": "service_development.voiceservicesubelement",
  "pk": 50,
  "fields": {
    "service": 8,
    "creation_date": "2018-04-25T17:05:04.764Z",
    "modification_date": "2018-04-25T17:28:32.192Z",
    "name": "2",
    "description": "end call",
    "voice_label": 38
  }
},
{
  "model": "service_development.voiceservicesubelement",
  "pk": 51,
  "fields": {
    "service": 8,
    "creation_date": "2018-04-25T17:05:39.653Z",
    "modification_date": "2018-04-25T17:05:39.653Z",
    "name": "End call",
    "description": "Ending the call",
    "voice_label": 39
  }
},
{
  "model": "service_development.voiceservicesubelement",
  "pk": 52,
  "fields": {
    "service": 8,
    "creation_date": "2018-04-25T17:42:10.285Z",
    "modification_date": "2018-04-25T17:42:10.285Z",
    "name": "We will send you back to the main menu.",
    "description": "",
    "voice_label": 43
  }
},
{
  "model": "service_development.voiceserviceelement",
  "pk": 2,
  "fields": {}
},
{
  "model": "service_development.voiceserviceelement",
  "pk": 5,
  "fields": {}
},
{
  "model": "service_development.voiceserviceelement",
  "pk": 6,
  "fields": {}
},
{
  "model": "service_development.voiceserviceelement",
  "pk": 7,
  "fields": {}
},
{
  "model": "service_development.voiceserviceelement",
  "pk": 8,
  "fields": {}
},
{
  "model": "service_development.voiceserviceelement",
  "pk": 9,
  "fields": {}
},
{
  "model": "service_development.voiceserviceelement",
  "pk": 12,
  "fields": {}
},
{
  "model": "service_development.voiceserviceelement",
  "pk": 18,
  "fields": {}
},
{
  "model": "service_development.voiceserviceelement",
  "pk": 22,
  "fields": {}
},
{
  "model": "service_development.voiceserviceelement",
  "pk": 23,
  "fields": {}
},
{
  "model": "service_development.voiceserviceelement",
  "pk": 24,
  "fields": {}
},
{
  "model": "service_development.voiceserviceelement",
  "pk": 26,
  "fields": {}
},
{
  "model": "service_development.voiceserviceelement",
  "pk": 27,
  "fields": {}
},
{
  "model": "service_development.voiceserviceelement",
  "pk": 38,
  "fields": {}
},
{
  "model": "service_development.voiceserviceelement",
  "pk": 41,
  "fields": {}
},
{
  "model": "service_development.voiceserviceelement",
  "pk": 47,
  "fields": {}
},
{
  "model": "service_development.voiceserviceelement",
  "pk": 48,
  "fields": {}
},
{
  "model": "service_development.voiceserviceelement",
  "pk": 51,
  "fields": {}
},
{
  "model": "service_development.voiceserviceelement",
  "pk": 52,
  "fields": {}
},
{
  "model": "service_development.voiceservice",
  "pk": 1,
  "fields": {
    "name": "King's truth checker",
    "description": "Checks the user's knowledge about the king of the Netherlands",
    "creation_date": "2017-04-23T19:23:52.392Z",
    "modification_date": "2018-04-25T13:12:01.335Z",
    "active": false,
    "_start_element": 2,
    "registration": "preferred",
    "registration_language": true,
    "registration_name": false,
    "supported_languages": [
      2,
      3
    ]
  }
},
{
  "model": "service_development.voiceservice",
  "pk": 2,
  "fields": {
    "name": "Welcome and registration checker",
    "description": "Welcome user and checks if user is already registered",
    "creation_date": "2018-04-25T10:15:01.996Z",
    "modification_date": "2018-04-25T16:00:00.651Z",
    "active": true,
    "_start_element": 9,
    "registration": "preferred",
    "registration_language": true,
    "registration_name": false,
    "supported_languages": [
      2,
      3
    ]
  }
},
{
  "model": "service_development.voiceservice",
  "pk": 3,
  "fields": {
    "name": "Account creator",
    "description": "Creates new user account",
    "creation_date": "2018-04-25T11:00:47.887Z",
    "modification_date": "2018-04-25T13:02:26.857Z",
    "active": true,
    "_start_element": 9,
    "registration": "disabled",
    "registration_language": true,
    "registration_name": false,
    "supported_languages": [
      2,
      3
    ]
  }
},
{
  "model": "service_development.voiceservice",
  "pk": 4,
  "fields": {
    "name": "Main menu",
    "description": "Main menu selection",
    "creation_date": "2018-04-25T12:13:41.557Z",
    "modification_date": "2018-04-25T13:15:06.802Z",
    "active": true,
    "_start_element": 8,
    "registration": "preferred",
    "registration_language": true,
    "registration_name": false,
    "supported_languages": [
      2,
      3
    ]
  }
},
{
  "model": "service_development.voiceservice",
  "pk": 5,
  "fields": {
    "name": "Newborns",
    "description": "Reporting newborn chicks.",
    "creation_date": "2018-04-25T12:47:57.935Z",
    "modification_date": "2018-04-25T16:47:59.840Z",
    "active": true,
    "_start_element": 22,
    "registration": "preferred",
    "registration_language": true,
    "registration_name": false,
    "supported_languages": [
      2,
      3
    ]
  }
},
{
  "model": "service_development.voiceservice",
  "pk": 6,
  "fields": {
    "name": "Disease notification",
    "description": "Reporting chicken disease.",
    "creation_date": "2018-04-25T13:18:22.855Z",
    "modification_date": "2018-04-25T15:03:49.516Z",
    "active": true,
    "_start_element": 23,
    "registration": "preferred",
    "registration_language": true,
    "registration_name": false,
    "supported_languages": [
      2,
      3
    ]
  }
},
{
  "model": "service_development.voiceservice",
  "pk": 7,
  "fields": {
    "name": "Vaccination notification",
    "description": "Reporting a vaccination.",
    "creation_date": "2018-04-25T13:19:25.402Z",
    "modification_date": "2018-04-25T15:04:04.875Z",
    "active": true,
    "_start_element": 24,
    "registration": "preferred",
    "registration_language": true,
    "registration_name": false,
    "supported_languages": [
      2,
      3
    ]
  }
},
{
  "model": "service_development.voiceservice",
  "pk": 8,
  "fields": {
    "name": "End menu",
    "description": "End menu options",
    "creation_date": "2018-04-25T16:49:09.133Z",
    "modification_date": "2018-04-25T17:43:08.237Z",
    "active": true,
    "_start_element": 48,
    "registration": "preferred",
    "registration_language": true,
    "registration_name": false,
    "supported_languages": [
      2,
      3
    ]
  }
},
{
  "model": "service_development.kasadakauser",
  "pk": 1,
  "fields": {
    "caller_id": "456",
    "first_name": "Henk",
    "last_name": "Ernia",
    "creation_date": "2018-02-02T11:10:27.670Z",
    "modification_date": "2018-02-12T14:44:24.019Z",
    "language": 1,
    "service": 1
  }
},
{
  "model": "service_development.choice",
  "pk": 2,
  "fields": {}
},
{
  "model": "service_development.choice",
  "pk": 9,
  "fields": {}
},
{
  "model": "service_development.choice",
  "pk": 18,
  "fields": {}
},
{
  "model": "service_development.choice",
  "pk": 27,
  "fields": {}
},
{
  "model": "service_development.choice",
  "pk": 38,
  "fields": {}
},
{
  "model": "service_development.choice",
  "pk": 41,
  "fields": {}
},
{
  "model": "service_development.choice",
  "pk": 48,
  "fields": {}
},
{
  "model": "service_development.choiceoption",
  "pk": 3,
  "fields": {
    "parent": 2,
    "_redirect": 5
  }
},
{
  "model": "service_development.choiceoption",
  "pk": 4,
  "fields": {
    "parent": 2,
    "_redirect": 7
  }
},
{
  "model": "service_development.choiceoption",
  "pk": 10,
  "fields": {
    "parent": 9,
    "_redirect": 8
  }
},
{
  "model": "service_development.choiceoption",
  "pk": 11,
  "fields": {
    "parent": 9,
    "_redirect": 12
  }
},
{
  "model": "service_development.choiceoption",
  "pk": 19,
  "fields": {
    "parent": 18,
    "_redirect": 22
  }
},
{
  "model": "service_development.choiceoption",
  "pk": 20,
  "fields": {
    "parent": 18,
    "_redirect": 23
  }
},
{
  "model": "service_development.choiceoption",
  "pk": 21,
  "fields": {
    "parent": 18,
    "_redirect": 24
  }
},
{
  "model": "service_development.choiceoption",
  "pk": 28,
  "fields": {
    "parent": 27,
    "_redirect": 38
  }
},
{
  "model": "service_development.choiceoption",
  "pk": 29,
  "fields": {
    "parent": 27,
    "_redirect": 38
  }
},
{
  "model": "service_development.choiceoption",
  "pk": 30,
  "fields": {
    "parent": 27,
    "_redirect": 38
  }
},
{
  "model": "service_development.choiceoption",
  "pk": 31,
  "fields": {
    "parent": 27,
    "_redirect": 38
  }
},
{
  "model": "service_development.choiceoption",
  "pk": 32,
  "fields": {
    "parent": 27,
    "_redirect": 38
  }
},
{
  "model": "service_development.choiceoption",
  "pk": 33,
  "fields": {
    "parent": 27,
    "_redirect": 38
  }
},
{
  "model": "service_development.choiceoption",
  "pk": 34,
  "fields": {
    "parent": 27,
    "_redirect": 38
  }
},
{
  "model": "service_development.choiceoption",
  "pk": 35,
  "fields": {
    "parent": 27,
    "_redirect": 38
  }
},
{
  "model": "service_development.choiceoption",
  "pk": 36,
  "fields": {
    "parent": 27,
    "_redirect": 38
  }
},
{
  "model": "service_development.choiceoption",
  "pk": 37,
  "fields": {
    "parent": 27,
    "_redirect": 38
  }
},
{
  "model": "service_development.choiceoption",
  "pk": 39,
  "fields": {
    "parent": 38,
    "_redirect": 47
  }
},
{
  "model": "service_development.choiceoption",
  "pk": 40,
  "fields": {
    "parent": 38,
    "_redirect": 41
  }
},
{
  "model": "service_development.choiceoption",
  "pk": 42,
  "fields": {
    "parent": 41,
    "_redirect": 47
  }
},
{
  "model": "service_development.choiceoption",
  "pk": 43,
  "fields": {
    "parent": 41,
    "_redirect": 47
  }
},
{
  "model": "service_development.choiceoption",
  "pk": 44,
  "fields": {
    "parent": 41,
    "_redirect": 47
  }
},
{
  "model": "service_development.choiceoption",
  "pk": 45,
  "fields": {
    "parent": 41,
    "_redirect": 47
  }
},
{
  "model": "service_development.choiceoption",
  "pk": 46,
  "fields": {
    "parent": 41,
    "_redirect": 47
  }
},
{
  "model": "service_development.choiceoption",
  "pk": 49,
  "fields": {
    "parent": 48,
    "_redirect": 52
  }
},
{
  "model": "service_development.choiceoption",
  "pk": 50,
  "fields": {
    "parent": 48,
    "_redirect": 51
  }
},
{
  "model": "service_development.messagepresentation",
  "pk": 5,
  "fields": {
    "final_element": false,
    "_redirect": 6
  }
},
{
  "model": "service_development.messagepresentation",
  "pk": 6,
  "fields": {
    "final_element": true,
    "_redirect": null
  }
},
{
  "model": "service_development.messagepresentation",
  "pk": 7,
  "fields": {
    "final_element": false,
    "_redirect": 6
  }
},
{
  "model": "service_development.messagepresentation",
  "pk": 8,
  "fields": {
    "final_element": false,
    "_redirect": 18
  }
},
{
  "model": "service_development.messagepresentation",
  "pk": 12,
  "fields": {
    "final_element": false,
    "_redirect": 26
  }
},
{
  "model": "service_development.messagepresentation",
  "pk": 22,
  "fields": {
    "final_element": false,
    "_redirect": 27
  }
},
{
  "model": "service_development.messagepresentation",
  "pk": 23,
  "fields": {
    "final_element": false,
    "_redirect": null
  }
},
{
  "model": "service_development.messagepresentation",
  "pk": 24,
  "fields": {
    "final_element": false,
    "_redirect": null
  }
},
{
  "model": "service_development.messagepresentation",
  "pk": 26,
  "fields": {
    "final_element": false,
    "_redirect": 8
  }
},
{
  "model": "service_development.messagepresentation",
  "pk": 47,
  "fields": {
    "final_element": false,
    "_redirect": 48
  }
},
{
  "model": "service_development.messagepresentation",
  "pk": 51,
  "fields": {
    "final_element": true,
    "_redirect": null
  }
},
{
  "model": "service_development.messagepresentation",
  "pk": 52,
  "fields": {
    "final_element": false,
    "_redirect": 18
  }
}
]
