[
{
  "model": "service_development.voicelabel",
  "pk": 1,
  "fields": {
    "name": "Dutch language",
    "description": "Nederlandse taal"
  }
},
{
  "model": "service_development.voicelabel",
  "pk": 2,
  "fields": {
    "name": "General error message",
    "description": ""
  }
},
{
  "model": "service_development.voicelabel",
  "pk": 4,
  "fields": {
    "name": "English language",
    "description": ""
  }
},
{
  "model": "service_development.voicelabel",
  "pk": 7,
  "fields": {
    "name": "French language",
    "description": ""
  }
},
{
  "model": "service_development.voicelabel",
  "pk": 8,
  "fields": {
    "name": "Please select your language",
    "description": ""
  }
},
{
  "model": "service_development.voicelabel",
  "pk": 9,
  "fields": {
    "name": "Pre Choice Option",
    "description": ""
  }
},
{
  "model": "service_development.voicelabel",
  "pk": 10,
  "fields": {
    "name": "Post Choice Option",
    "description": ""
  }
},
{
  "model": "service_development.voicelabel",
  "pk": 11,
  "fields": {
    "name": "One",
    "description": ""
  }
},
{
  "model": "service_development.voicelabel",
  "pk": 12,
  "fields": {
    "name": "Two",
    "description": ""
  }
},
{
  "model": "service_development.voicelabel",
  "pk": 13,
  "fields": {
    "name": "Three",
    "description": ""
  }
},
{
  "model": "service_development.voicelabel",
  "pk": 14,
  "fields": {
    "name": "Four",
    "description": ""
  }
},
{
  "model": "service_development.voicelabel",
  "pk": 15,
  "fields": {
    "name": "Five",
    "description": ""
  }
},
{
  "model": "service_development.voicelabel",
  "pk": 16,
  "fields": {
    "name": "Six",
    "description": ""
  }
},
{
  "model": "service_development.voicelabel",
  "pk": 17,
  "fields": {
    "name": "Seven",
    "description": ""
  }
},
{
  "model": "service_development.voicelabel",
  "pk": 18,
  "fields": {
    "name": "Eight",
    "description": ""
  }
},
{
  "model": "service_development.voicelabel",
  "pk": 19,
  "fields": {
    "name": "Nine",
    "description": ""
  }
},
{
  "model": "service_development.voicelabel",
  "pk": 20,
  "fields": {
    "name": "Zero",
    "description": null
  }
},
{
  "model": "service_development.voicelabel",
  "pk": 21,
  "fields": {
    "name": "Yes account",
    "description": null
  }
},
{
  "model": "service_development.voicelabel",
  "pk": 22,
  "fields": {
    "name": "No account",
    "description": null
  }
},
{
  "model": "service_development.voicelabel",
  "pk": 26,
  "fields": {
    "name": "You're now logged in.",
    "description": null
  }
},
{
  "model": "service_development.voicelabel",
  "pk": 27,
  "fields": {
    "name": "Let's make an account.",
    "description": null
  }
},
{
  "model": "service_development.voicelabel",
  "pk": 28,
  "fields": {
    "name": "Hello farmer! Are you already registered?",
    "description": null
  }
},
{
  "model": "service_development.voicelabel",
  "pk": 30,
  "fields": {
    "name": "This is the main menu.",
    "description": "Main menu with menu options."
  }
},
{
  "model": "service_development.voicelabel",
  "pk": 31,
  "fields": {
    "name": "Yes",
    "description": null
  }
},
{
  "model": "service_development.voicelabel",
  "pk": 32,
  "fields": {
    "name": "No",
    "description": null
  }
},
{
  "model": "service_development.voicelabel",
  "pk": 34,
  "fields": {
    "name": "How many newborns?",
    "description": null
  }
},
{
  "model": "service_development.voicelabel",
  "pk": 35,
  "fields": {
    "name": "Are your chickens born today?",
    "description": null
  }
},
{
  "model": "service_development.voicelabel",
  "pk": 36,
  "fields": {
    "name": "Your information is added to your profile.",
    "description": null
  }
},
{
  "model": "service_development.voicelabel",
  "pk": 37,
  "fields": {
    "name": "How many days ago were your chickens born?",
    "description": null
  }
},
{
  "model": "service_development.voicelabel",
  "pk": 38,
  "fields": {
    "name": "End menu prompt",
    "description": null
  }
},
{
  "model": "service_development.voicelabel",
  "pk": 39,
  "fields": {
    "name": "End call prompt",
    "description": null
  }
},
{
  "model": "service_development.voicelabel",
  "pk": 40,
  "fields": {
    "name": "You would like to enter newborn chicks.",
    "description": null
  }
},
{
  "model": "service_development.voicelabel",
  "pk": 41,
  "fields": {
    "name": "You would like to report a disease.",
    "description": null
  }
},
{
  "model": "service_development.voicelabel",
  "pk": 42,
  "fields": {
    "name": "You would like to enter new vaccination date.",
    "description": null
  }
},
{
  "model": "service_development.voicelabel",
  "pk": 43,
  "fields": {
    "name": "We will send you back to the main menu.",
    "description": null
  }
},
{
  "model": "service_development.voicelabel",
  "pk": 45,
  "fields": {
    "name": "To create an account.",
    "description": "To create an account, please say your first and last name."
  }
},
{
  "model": "service_development.voicelabel",
  "pk": 47,
  "fields": {
    "name": "What disease?",
    "description": null
  }
},
{
  "model": "service_development.voicelabel",
  "pk": 48,
  "fields": {
    "name": "Amount infected?",
    "description": null
  }
},
{
  "model": "service_development.voicelabel",
  "pk": 49,
  "fields": {
    "name": "Thank report disease.",
    "description": null
  }
},
{
  "model": "service_development.voicelabel",
  "pk": 50,
  "fields": {
    "name": "Another disease?",
    "description": null
  }
},
{
  "model": "service_development.voicelabel",
  "pk": 51,
  "fields": {
    "name": "Alright, thank you.",
    "description": null
  }
},
{
  "model": "service_development.voicelabel",
  "pk": 52,
  "fields": {
    "name": "Amount vaccinated?",
    "description": null
  }
},
{
  "model": "service_development.voicelabel",
  "pk": 53,
  "fields": {
    "name": "Vaccinated today?",
    "description": null
  }
},
{
  "model": "service_development.voicelabel",
  "pk": 54,
  "fields": {
    "name": "Thank report vaccination",
    "description": null
  }
},
{
  "model": "service_development.voicelabel",
  "pk": 55,
  "fields": {
    "name": "How many days ago were your chicken vaccinated?",
    "description": null
  }
},
{
  "model": "service_development.voicelabel",
  "pk": 57,
  "fields": {
    "name": "Account created",
    "description": "You have just created an account."
  }
},
{
  "model": "service_development.language",
  "pk": 1,
  "fields": {
    "name": "Nederlands",
    "code": "nl",
    "voice_label": 1,
    "error_message": 2,
    "select_language": 8,
    "pre_choice_option": 9,
    "post_choice_option": 10,
    "one": 11,
    "two": 12,
    "three": 13,
    "four": 14,
    "five": 15,
    "six": 16,
    "seven": 17,
    "eight": 18,
    "nine": 19,
    "zero": 20
  }
},
{
  "model": "service_development.language",
  "pk": 2,
  "fields": {
    "name": "English",
    "code": "en",
    "voice_label": 4,
    "error_message": 2,
    "select_language": 8,
    "pre_choice_option": 9,
    "post_choice_option": 10,
    "one": 11,
    "two": 12,
    "three": 13,
    "four": 14,
    "five": 15,
    "six": 16,
    "seven": 17,
    "eight": 18,
    "nine": 19,
    "zero": 20
  }
},
{
  "model": "service_development.language",
  "pk": 3,
  "fields": {
    "name": "Francais",
    "code": "fr",
    "voice_label": 7,
    "error_message": 2,
    "select_language": 8,
    "pre_choice_option": 9,
    "post_choice_option": 10,
    "one": 11,
    "two": 12,
    "three": 13,
    "four": 14,
    "five": 15,
    "six": 16,
    "seven": 17,
    "eight": 18,
    "nine": 19,
    "zero": 20
  }
},
{
  "model": "service_development.voicefragment",
  "pk": 7,
  "fields": {
    "parent": 22,
    "language": 2,
    "audio": "no_en_J3poNiZ.wav"
  }
},
{
  "model": "service_development.voicefragment",
  "pk": 8,
  "fields": {
    "parent": 22,
    "language": 3,
    "audio": "no_fr_8dqXMbr.wav"
  }
},
{
  "model": "service_development.voicefragment",
  "pk": 10,
  "fields": {
    "parent": 21,
    "language": 2,
    "audio": "yes_en_As1A6vI.wav"
  }
},
{
  "model": "service_development.voicefragment",
  "pk": 11,
  "fields": {
    "parent": 21,
    "language": 3,
    "audio": "yes_fr_dd5xBhn.wav"
  }
},
{
  "model": "service_development.voicefragment",
  "pk": 12,
  "fields": {
    "parent": 20,
    "language": 1,
    "audio": "0_nl.wav"
  }
},
{
  "model": "service_development.voicefragment",
  "pk": 13,
  "fields": {
    "parent": 20,
    "language": 2,
    "audio": "0_en.wav"
  }
},
{
  "model": "service_development.voicefragment",
  "pk": 14,
  "fields": {
    "parent": 20,
    "language": 3,
    "audio": "0_fr.wav"
  }
},
{
  "model": "service_development.voicefragment",
  "pk": 15,
  "fields": {
    "parent": 19,
    "language": 1,
    "audio": "9_nl.wav"
  }
},
{
  "model": "service_development.voicefragment",
  "pk": 16,
  "fields": {
    "parent": 19,
    "language": 2,
    "audio": "9_fr.wav"
  }
},
{
  "model": "service_development.voicefragment",
  "pk": 17,
  "fields": {
    "parent": 19,
    "language": 3,
    "audio": "9_en.wav"
  }
},
{
  "model": "service_development.voicefragment",
  "pk": 18,
  "fields": {
    "parent": 18,
    "language": 1,
    "audio": "8_nl.wav"
  }
},
{
  "model": "service_development.voicefragment",
  "pk": 19,
  "fields": {
    "parent": 18,
    "language": 2,
    "audio": "8_en.wav"
  }
},
{
  "model": "service_development.voicefragment",
  "pk": 20,
  "fields": {
    "parent": 18,
    "language": 3,
    "audio": "8_fr.wav"
  }
},
{
  "model": "service_development.voicefragment",
  "pk": 21,
  "fields": {
    "parent": 17,
    "language": 1,
    "audio": "7_nl.wav"
  }
},
{
  "model": "service_development.voicefragment",
  "pk": 22,
  "fields": {
    "parent": 17,
    "language": 2,
    "audio": "7_en.wav"
  }
},
{
  "model": "service_development.voicefragment",
  "pk": 23,
  "fields": {
    "parent": 17,
    "language": 3,
    "audio": "7_fr.wav"
  }
},
{
  "model": "service_development.voicefragment",
  "pk": 24,
  "fields": {
    "parent": 16,
    "language": 1,
    "audio": "6_nl.wav"
  }
},
{
  "model": "service_development.voicefragment",
  "pk": 25,
  "fields": {
    "parent": 16,
    "language": 2,
    "audio": "6_en.wav"
  }
},
{
  "model": "service_development.voicefragment",
  "pk": 26,
  "fields": {
    "parent": 16,
    "language": 3,
    "audio": "6_fr.wav"
  }
},
{
  "model": "service_development.voicefragment",
  "pk": 27,
  "fields": {
    "parent": 15,
    "language": 1,
    "audio": "5_nl.wav"
  }
},
{
  "model": "service_development.voicefragment",
  "pk": 28,
  "fields": {
    "parent": 15,
    "language": 2,
    "audio": "5_en.wav"
  }
},
{
  "model": "service_development.voicefragment",
  "pk": 29,
  "fields": {
    "parent": 15,
    "language": 3,
    "audio": "5_fr.wav"
  }
},
{
  "model": "service_development.voicefragment",
  "pk": 30,
  "fields": {
    "parent": 14,
    "language": 1,
    "audio": "4_nl.wav"
  }
},
{
  "model": "service_development.voicefragment",
  "pk": 31,
  "fields": {
    "parent": 14,
    "language": 2,
    "audio": "4_fr.wav"
  }
},
{
  "model": "service_development.voicefragment",
  "pk": 32,
  "fields": {
    "parent": 14,
    "language": 3,
    "audio": "4_en.wav"
  }
},
{
  "model": "service_development.voicefragment",
  "pk": 33,
  "fields": {
    "parent": 13,
    "language": 1,
    "audio": "3_nl.wav"
  }
},
{
  "model": "service_development.voicefragment",
  "pk": 34,
  "fields": {
    "parent": 13,
    "language": 2,
    "audio": "3_en.wav"
  }
},
{
  "model": "service_development.voicefragment",
  "pk": 35,
  "fields": {
    "parent": 13,
    "language": 3,
    "audio": "3_fr.wav"
  }
},
{
  "model": "service_development.voicefragment",
  "pk": 36,
  "fields": {
    "parent": 12,
    "language": 1,
    "audio": "2_nl.wav"
  }
},
{
  "model": "service_development.voicefragment",
  "pk": 37,
  "fields": {
    "parent": 12,
    "language": 2,
    "audio": "2_en.wav"
  }
},
{
  "model": "service_development.voicefragment",
  "pk": 38,
  "fields": {
    "parent": 12,
    "language": 3,
    "audio": "2_fr.wav"
  }
},
{
  "model": "service_development.voicefragment",
  "pk": 39,
  "fields": {
    "parent": 11,
    "language": 1,
    "audio": "1_nl.wav"
  }
},
{
  "model": "service_development.voicefragment",
  "pk": 40,
  "fields": {
    "parent": 11,
    "language": 2,
    "audio": "1_en.wav"
  }
},
{
  "model": "service_development.voicefragment",
  "pk": 41,
  "fields": {
    "parent": 11,
    "language": 3,
    "audio": "1_fr.wav"
  }
},
{
  "model": "service_development.voicefragment",
  "pk": 42,
  "fields": {
    "parent": 10,
    "language": 1,
    "audio": "post_choice_option_nl.wav"
  }
},
{
  "model": "service_development.voicefragment",
  "pk": 43,
  "fields": {
    "parent": 10,
    "language": 2,
    "audio": "post_choice_option_en.wav"
  }
},
{
  "model": "service_development.voicefragment",
  "pk": 44,
  "fields": {
    "parent": 10,
    "language": 3,
    "audio": "post_choice_option_fr.wav"
  }
},
{
  "model": "service_development.voicefragment",
  "pk": 45,
  "fields": {
    "parent": 9,
    "language": 1,
    "audio": "pre_choice_option_nl.wav"
  }
},
{
  "model": "service_development.voicefragment",
  "pk": 46,
  "fields": {
    "parent": 9,
    "language": 2,
    "audio": "pre_choice_option_en.wav"
  }
},
{
  "model": "service_development.voicefragment",
  "pk": 47,
  "fields": {
    "parent": 9,
    "language": 3,
    "audio": "pre_choice_option_fr.wav"
  }
},
{
  "model": "service_development.voicefragment",
  "pk": 48,
  "fields": {
    "parent": 8,
    "language": 1,
    "audio": "select_language_nl.wav"
  }
},
{
  "model": "service_development.voicefragment",
  "pk": 49,
  "fields": {
    "parent": 8,
    "language": 2,
    "audio": "select_language_en.wav"
  }
},
{
  "model": "service_development.voicefragment",
  "pk": 50,
  "fields": {
    "parent": 8,
    "language": 3,
    "audio": "select_language_fr.wav"
  }
},
{
  "model": "service_development.voicefragment",
  "pk": 51,
  "fields": {
    "parent": 7,
    "language": 1,
    "audio": "french_nl.wav"
  }
},
{
  "model": "service_development.voicefragment",
  "pk": 52,
  "fields": {
    "parent": 7,
    "language": 2,
    "audio": "french_en.wav"
  }
},
{
  "model": "service_development.voicefragment",
  "pk": 53,
  "fields": {
    "parent": 7,
    "language": 3,
    "audio": "french_fr.wav"
  }
},
{
  "model": "service_development.voicefragment",
  "pk": 58,
  "fields": {
    "parent": 4,
    "language": 1,
    "audio": "english_nl.wav"
  }
},
{
  "model": "service_development.voicefragment",
  "pk": 59,
  "fields": {
    "parent": 4,
    "language": 2,
    "audio": "english_en.wav"
  }
},
{
  "model": "service_development.voicefragment",
  "pk": 60,
  "fields": {
    "parent": 4,
    "language": 3,
    "audio": "english_fr.wav"
  }
},
{
  "model": "service_development.voicefragment",
  "pk": 64,
  "fields": {
    "parent": 2,
    "language": 1,
    "audio": "error_nl.wav"
  }
},
{
  "model": "service_development.voicefragment",
  "pk": 65,
  "fields": {
    "parent": 2,
    "language": 2,
    "audio": "error_en.wav"
  }
},
{
  "model": "service_development.voicefragment",
  "pk": 66,
  "fields": {
    "parent": 2,
    "language": 3,
    "audio": "error_fr.wav"
  }
},
{
  "model": "service_development.voicefragment",
  "pk": 67,
  "fields": {
    "parent": 1,
    "language": 1,
    "audio": "dutch_nl.wav"
  }
},
{
  "model": "service_development.voicefragment",
  "pk": 68,
  "fields": {
    "parent": 1,
    "language": 2,
    "audio": "dutch_en.wav"
  }
},
{
  "model": "service_development.voicefragment",
  "pk": 69,
  "fields": {
    "parent": 1,
    "language": 3,
    "audio": "dutch_fr.wav"
  }
},
{
  "model": "service_development.voicefragment",
  "pk": 75,
  "fields": {
    "parent": 26,
    "language": 2,
    "audio": "logged_in_en.wav"
  }
},
{
  "model": "service_development.voicefragment",
  "pk": 76,
  "fields": {
    "parent": 26,
    "language": 3,
    "audio": "logged_in_fr.wav"
  }
},
{
  "model": "service_development.voicefragment",
  "pk": 77,
  "fields": {
    "parent": 27,
    "language": 2,
    "audio": "make_account_en.wav"
  }
},
{
  "model": "service_development.voicefragment",
  "pk": 78,
  "fields": {
    "parent": 27,
    "language": 3,
    "audio": "make_account_fr.wav"
  }
},
{
  "model": "service_development.voicefragment",
  "pk": 79,
  "fields": {
    "parent": 28,
    "language": 2,
    "audio": "welcome_registration_checker_en.wav"
  }
},
{
  "model": "service_development.voicefragment",
  "pk": 80,
  "fields": {
    "parent": 28,
    "language": 3,
    "audio": "welcome_registration_checker_fr.wav"
  }
},
{
  "model": "service_development.voicefragment",
  "pk": 83,
  "fields": {
    "parent": 30,
    "language": 2,
    "audio": "main_menu_en.wav"
  }
},
{
  "model": "service_development.voicefragment",
  "pk": 84,
  "fields": {
    "parent": 30,
    "language": 3,
    "audio": "main_menu_fr.wav"
  }
},
{
  "model": "service_development.voicefragment",
  "pk": 85,
  "fields": {
    "parent": 31,
    "language": 2,
    "audio": "yes_en_VAukYcK.wav"
  }
},
{
  "model": "service_development.voicefragment",
  "pk": 86,
  "fields": {
    "parent": 31,
    "language": 3,
    "audio": "yes_fr_dsH9jRZ.wav"
  }
},
{
  "model": "service_development.voicefragment",
  "pk": 87,
  "fields": {
    "parent": 32,
    "language": 2,
    "audio": "no_en_O92ujJH.wav"
  }
},
{
  "model": "service_development.voicefragment",
  "pk": 88,
  "fields": {
    "parent": 32,
    "language": 3,
    "audio": "no_fr_eptB6dQ.wav"
  }
},
{
  "model": "service_development.voicefragment",
  "pk": 91,
  "fields": {
    "parent": 34,
    "language": 2,
    "audio": "amount_newborns_en.wav"
  }
},
{
  "model": "service_development.voicefragment",
  "pk": 92,
  "fields": {
    "parent": 34,
    "language": 3,
    "audio": "amount_newborns_fr.wav"
  }
},
{
  "model": "service_development.voicefragment",
  "pk": 93,
  "fields": {
    "parent": 35,
    "language": 2,
    "audio": "birth_date_en.wav"
  }
},
{
  "model": "service_development.voicefragment",
  "pk": 94,
  "fields": {
    "parent": 35,
    "language": 3,
    "audio": "birth_date_fr.wav"
  }
},
{
  "model": "service_development.voicefragment",
  "pk": 95,
  "fields": {
    "parent": 36,
    "language": 2,
    "audio": "info_added_en.wav"
  }
},
{
  "model": "service_development.voicefragment",
  "pk": 96,
  "fields": {
    "parent": 36,
    "language": 3,
    "audio": "info_added_fr.wav"
  }
},
{
  "model": "service_development.voicefragment",
  "pk": 97,
  "fields": {
    "parent": 37,
    "language": 2,
    "audio": "born_days_ago_en.wav"
  }
},
{
  "model": "service_development.voicefragment",
  "pk": 98,
  "fields": {
    "parent": 37,
    "language": 3,
    "audio": "born_days_ago_fr.wav"
  }
},
{
  "model": "service_development.voicefragment",
  "pk": 99,
  "fields": {
    "parent": 38,
    "language": 2,
    "audio": "end_menu_en.wav"
  }
},
{
  "model": "service_development.voicefragment",
  "pk": 100,
  "fields": {
    "parent": 38,
    "language": 3,
    "audio": "end_menu_fr.wav"
  }
},
{
  "model": "service_development.voicefragment",
  "pk": 101,
  "fields": {
    "parent": 39,
    "language": 2,
    "audio": "end_call_en.wav"
  }
},
{
  "model": "service_development.voicefragment",
  "pk": 102,
  "fields": {
    "parent": 39,
    "language": 3,
    "audio": "end_call_fr.wav"
  }
},
{
  "model": "service_development.voicefragment",
  "pk": 103,
  "fields": {
    "parent": 40,
    "language": 2,
    "audio": "goto_newborns_en.wav"
  }
},
{
  "model": "service_development.voicefragment",
  "pk": 104,
  "fields": {
    "parent": 40,
    "language": 3,
    "audio": "goto_newborns_fr.wav"
  }
},
{
  "model": "service_development.voicefragment",
  "pk": 105,
  "fields": {
    "parent": 41,
    "language": 2,
    "audio": "goto_disease_en.wav"
  }
},
{
  "model": "service_development.voicefragment",
  "pk": 106,
  "fields": {
    "parent": 41,
    "language": 3,
    "audio": "goto_disease_fr.wav"
  }
},
{
  "model": "service_development.voicefragment",
  "pk": 107,
  "fields": {
    "parent": 42,
    "language": 2,
    "audio": "goto_vaccination_en.wav"
  }
},
{
  "model": "service_development.voicefragment",
  "pk": 108,
  "fields": {
    "parent": 42,
    "language": 3,
    "audio": "goto_vaccination_fr.wav"
  }
},
{
  "model": "service_development.voicefragment",
  "pk": 109,
  "fields": {
    "parent": 43,
    "language": 2,
    "audio": "goto_main_menu_en.wav"
  }
},
{
  "model": "service_development.voicefragment",
  "pk": 110,
  "fields": {
    "parent": 43,
    "language": 3,
    "audio": "goto_main_menu_fr.wav"
  }
},
{
  "model": "service_development.voicefragment",
  "pk": 113,
  "fields": {
    "parent": 45,
    "language": 2,
    "audio": "say_names_en.wav"
  }
},
{
  "model": "service_development.voicefragment",
  "pk": 114,
  "fields": {
    "parent": 45,
    "language": 3,
    "audio": "say_names_fr.wav"
  }
},
{
  "model": "service_development.voicefragment",
  "pk": 117,
  "fields": {
    "parent": 47,
    "language": 2,
    "audio": "what_disease_en.wav"
  }
},
{
  "model": "service_development.voicefragment",
  "pk": 118,
  "fields": {
    "parent": 47,
    "language": 3,
    "audio": "what_disease_fr.wav"
  }
},
{
  "model": "service_development.voicefragment",
  "pk": 119,
  "fields": {
    "parent": 48,
    "language": 2,
    "audio": "amount_infected_en.wav"
  }
},
{
  "model": "service_development.voicefragment",
  "pk": 120,
  "fields": {
    "parent": 48,
    "language": 3,
    "audio": "amount_infected_fr.wav"
  }
},
{
  "model": "service_development.voicefragment",
  "pk": 121,
  "fields": {
    "parent": 49,
    "language": 2,
    "audio": "thank_report_disease_en.wav"
  }
},
{
  "model": "service_development.voicefragment",
  "pk": 122,
  "fields": {
    "parent": 49,
    "language": 3,
    "audio": "thank_report_disease_fr.wav"
  }
},
{
  "model": "service_development.voicefragment",
  "pk": 123,
  "fields": {
    "parent": 50,
    "language": 2,
    "audio": "another_disease_en.wav"
  }
},
{
  "model": "service_development.voicefragment",
  "pk": 124,
  "fields": {
    "parent": 50,
    "language": 3,
    "audio": "another_disease_fr.wav"
  }
},
{
  "model": "service_development.voicefragment",
  "pk": 125,
  "fields": {
    "parent": 51,
    "language": 2,
    "audio": "thank_you_en.wav"
  }
},
{
  "model": "service_development.voicefragment",
  "pk": 126,
  "fields": {
    "parent": 51,
    "language": 3,
    "audio": "thank_you_fr.wav"
  }
},
{
  "model": "service_development.voicefragment",
  "pk": 127,
  "fields": {
    "parent": 52,
    "language": 2,
    "audio": "amount_vaccinated_en.wav"
  }
},
{
  "model": "service_development.voicefragment",
  "pk": 128,
  "fields": {
    "parent": 52,
    "language": 3,
    "audio": "amount_vaccinated_fr.wav"
  }
},
{
  "model": "service_development.voicefragment",
  "pk": 129,
  "fields": {
    "parent": 53,
    "language": 2,
    "audio": "vaccination_date_en.wav"
  }
},
{
  "model": "service_development.voicefragment",
  "pk": 130,
  "fields": {
    "parent": 53,
    "language": 3,
    "audio": "vaccination_date_fr.wav"
  }
},
{
  "model": "service_development.voicefragment",
  "pk": 131,
  "fields": {
    "parent": 54,
    "language": 2,
    "audio": "thank_revaccination_en.wav"
  }
},
{
  "model": "service_development.voicefragment",
  "pk": 132,
  "fields": {
    "parent": 54,
    "language": 3,
    "audio": "thank_revaccination_fr.wav"
  }
},
{
  "model": "service_development.voicefragment",
  "pk": 133,
  "fields": {
    "parent": 55,
    "language": 2,
    "audio": "vac_days_ago_en.wav"
  }
},
{
  "model": "service_development.voicefragment",
  "pk": 134,
  "fields": {
    "parent": 55,
    "language": 3,
    "audio": "vac_days_ago_fr.wav"
  }
},
{
  "model": "service_development.voicefragment",
  "pk": 137,
  "fields": {
    "parent": 57,
    "language": 2,
    "audio": "account_created_en.wav"
  }
},
{
  "model": "service_development.voicefragment",
  "pk": 138,
  "fields": {
    "parent": 57,
    "language": 3,
    "audio": "account_created_fr.wav"
  }
},
{
  "model": "service_development.voiceservicesubelement",
  "pk": 8,
  "fields": {
    "service": 2,
    "creation_date": "2018-04-25T09:51:23.181Z",
    "modification_date": "2018-04-25T15:32:59.825Z",
    "name": "You're now logged in.",
    "description": "",
    "voice_label": 26
  }
},
{
  "model": "service_development.voiceservicesubelement",
  "pk": 9,
  "fields": {
    "service": 2,
    "creation_date": "2018-04-25T10:30:44.522Z",
    "modification_date": "2018-04-30T22:57:53.500Z",
    "name": "welcome_menu",
    "description": "Hello farmer! Welcome to our chicken vaccination programm. Are you already registered?",
    "voice_label": 28
  }
},
{
  "model": "service_development.voiceservicesubelement",
  "pk": 10,
  "fields": {
    "service": 2,
    "creation_date": "2018-04-25T10:30:44.528Z",
    "modification_date": "2018-04-25T15:25:18.204Z",
    "name": "Yes account",
    "description": "Already registered",
    "voice_label": 21
  }
},
{
  "model": "service_development.voiceservicesubelement",
  "pk": 11,
  "fields": {
    "service": 2,
    "creation_date": "2018-04-25T10:30:44.531Z",
    "modification_date": "2018-04-25T15:25:18.208Z",
    "name": "No account",
    "description": "Not registered",
    "voice_label": 22
  }
},
{
  "model": "service_development.voiceservicesubelement",
  "pk": 12,
  "fields": {
    "service": 2,
    "creation_date": "2018-04-25T11:01:20.834Z",
    "modification_date": "2018-04-30T21:52:59.409Z",
    "name": "Let's make an account.",
    "description": "",
    "voice_label": 27
  }
},
{
  "model": "service_development.voiceservicesubelement",
  "pk": 18,
  "fields": {
    "service": 4,
    "creation_date": "2018-04-25T12:54:45.079Z",
    "modification_date": "2018-04-30T20:28:51.697Z",
    "name": "main_menu",
    "description": "Main menu with menu options.",
    "voice_label": 30
  }
},
{
  "model": "service_development.voiceservicesubelement",
  "pk": 19,
  "fields": {
    "service": 4,
    "creation_date": "2018-04-25T12:54:45.087Z",
    "modification_date": "2018-04-25T13:15:38.924Z",
    "name": "Newborns",
    "description": "go to newborns",
    "voice_label": 30
  }
},
{
  "model": "service_development.voiceservicesubelement",
  "pk": 20,
  "fields": {
    "service": 4,
    "creation_date": "2018-04-25T12:54:45.087Z",
    "modification_date": "2018-04-25T13:29:51.232Z",
    "name": "Disease Notification",
    "description": "go to disease notification",
    "voice_label": 30
  }
},
{
  "model": "service_development.voiceservicesubelement",
  "pk": 21,
  "fields": {
    "service": 4,
    "creation_date": "2018-04-25T12:54:45.091Z",
    "modification_date": "2018-04-25T13:29:51.232Z",
    "name": "Vaccination Notification",
    "description": "go to vaccination notification",
    "voice_label": 30
  }
},
{
  "model": "service_development.voiceservicesubelement",
  "pk": 22,
  "fields": {
    "service": 4,
    "creation_date": "2018-04-25T13:08:11.553Z",
    "modification_date": "2018-04-30T20:30:49.455Z",
    "name": "You would like to enter newborn chicks.",
    "description": "Confirm and go to newborn chicks.",
    "voice_label": 40
  }
},
{
  "model": "service_development.voiceservicesubelement",
  "pk": 23,
  "fields": {
    "service": 4,
    "creation_date": "2018-04-25T13:23:28.232Z",
    "modification_date": "2018-04-30T21:53:20.418Z",
    "name": "You would like to report a disease.",
    "description": "Confirm and go to disease notification.",
    "voice_label": 41
  }
},
{
  "model": "service_development.voiceservicesubelement",
  "pk": 24,
  "fields": {
    "service": 4,
    "creation_date": "2018-04-25T13:25:25.934Z",
    "modification_date": "2018-04-30T23:02:51.091Z",
    "name": "You would like to enter new vaccination date.",
    "description": "Confirm and go to vaccination notification.",
    "voice_label": 42
  }
},
{
  "model": "service_development.voiceservicesubelement",
  "pk": 27,
  "fields": {
    "service": 5,
    "creation_date": "2018-04-25T16:13:23.564Z",
    "modification_date": "2018-04-30T20:34:12.504Z",
    "name": "amount_newborns",
    "description": "How many newborn chickens do you have?",
    "voice_label": 34
  }
},
{
  "model": "service_development.voiceservicesubelement",
  "pk": 28,
  "fields": {
    "service": 5,
    "creation_date": "2018-04-25T16:13:23.570Z",
    "modification_date": "2018-04-25T17:09:12.388Z",
    "name": "1",
    "description": "",
    "voice_label": 11
  }
},
{
  "model": "service_development.voiceservicesubelement",
  "pk": 29,
  "fields": {
    "service": 5,
    "creation_date": "2018-04-25T16:13:23.571Z",
    "modification_date": "2018-04-25T17:09:12.390Z",
    "name": "2",
    "description": "",
    "voice_label": 12
  }
},
{
  "model": "service_development.voiceservicesubelement",
  "pk": 30,
  "fields": {
    "service": 5,
    "creation_date": "2018-04-25T16:13:23.573Z",
    "modification_date": "2018-04-25T17:09:12.393Z",
    "name": "3",
    "description": "",
    "voice_label": 13
  }
},
{
  "model": "service_development.voiceservicesubelement",
  "pk": 31,
  "fields": {
    "service": 5,
    "creation_date": "2018-04-25T16:13:23.576Z",
    "modification_date": "2018-04-25T17:09:12.395Z",
    "name": "4",
    "description": "",
    "voice_label": 14
  }
},
{
  "model": "service_development.voiceservicesubelement",
  "pk": 32,
  "fields": {
    "service": 5,
    "creation_date": "2018-04-25T16:13:23.578Z",
    "modification_date": "2018-04-25T17:09:12.397Z",
    "name": "5",
    "description": "",
    "voice_label": 15
  }
},
{
  "model": "service_development.voiceservicesubelement",
  "pk": 33,
  "fields": {
    "service": 5,
    "creation_date": "2018-04-25T16:13:23.580Z",
    "modification_date": "2018-04-25T17:09:12.399Z",
    "name": "6",
    "description": "",
    "voice_label": 16
  }
},
{
  "model": "service_development.voiceservicesubelement",
  "pk": 34,
  "fields": {
    "service": 5,
    "creation_date": "2018-04-25T16:13:23.582Z",
    "modification_date": "2018-04-25T17:09:12.401Z",
    "name": "7",
    "description": "",
    "voice_label": 17
  }
},
{
  "model": "service_development.voiceservicesubelement",
  "pk": 35,
  "fields": {
    "service": 5,
    "creation_date": "2018-04-25T16:13:23.584Z",
    "modification_date": "2018-04-25T17:09:12.403Z",
    "name": "8",
    "description": "",
    "voice_label": 18
  }
},
{
  "model": "service_development.voiceservicesubelement",
  "pk": 36,
  "fields": {
    "service": 5,
    "creation_date": "2018-04-25T16:13:23.587Z",
    "modification_date": "2018-04-25T17:09:12.405Z",
    "name": "9",
    "description": "",
    "voice_label": 19
  }
},
{
  "model": "service_development.voiceservicesubelement",
  "pk": 37,
  "fields": {
    "service": 5,
    "creation_date": "2018-04-25T16:13:23.588Z",
    "modification_date": "2018-04-25T17:09:12.407Z",
    "name": "0",
    "description": "",
    "voice_label": 20
  }
},
{
  "model": "service_development.voiceservicesubelement",
  "pk": 38,
  "fields": {
    "service": 5,
    "creation_date": "2018-04-25T16:21:56.398Z",
    "modification_date": "2018-04-30T20:36:10.726Z",
    "name": "birth_date",
    "description": "Are your chickens born today?",
    "voice_label": 35
  }
},
{
  "model": "service_development.voiceservicesubelement",
  "pk": 39,
  "fields": {
    "service": 5,
    "creation_date": "2018-04-25T16:21:56.404Z",
    "modification_date": "2018-04-25T17:07:47.019Z",
    "name": "Today",
    "description": "",
    "voice_label": 31
  }
},
{
  "model": "service_development.voiceservicesubelement",
  "pk": 40,
  "fields": {
    "service": 5,
    "creation_date": "2018-04-25T16:21:56.407Z",
    "modification_date": "2018-04-25T17:07:47.022Z",
    "name": "Not today",
    "description": "",
    "voice_label": 32
  }
},
{
  "model": "service_development.voiceservicesubelement",
  "pk": 41,
  "fields": {
    "service": 5,
    "creation_date": "2018-04-25T16:34:52.438Z",
    "modification_date": "2018-04-30T20:38:31.118Z",
    "name": "born_days_ago",
    "description": "How many days ago were your chickens born?",
    "voice_label": 37
  }
},
{
  "model": "service_development.voiceservicesubelement",
  "pk": 42,
  "fields": {
    "service": 5,
    "creation_date": "2018-04-25T16:34:52.445Z",
    "modification_date": "2018-04-25T17:09:40.390Z",
    "name": "1",
    "description": "",
    "voice_label": 11
  }
},
{
  "model": "service_development.voiceservicesubelement",
  "pk": 43,
  "fields": {
    "service": 5,
    "creation_date": "2018-04-25T16:34:52.449Z",
    "modification_date": "2018-04-25T17:09:40.392Z",
    "name": "2",
    "description": "",
    "voice_label": 12
  }
},
{
  "model": "service_development.voiceservicesubelement",
  "pk": 44,
  "fields": {
    "service": 5,
    "creation_date": "2018-04-25T16:34:52.451Z",
    "modification_date": "2018-04-25T17:09:40.394Z",
    "name": "3",
    "description": "",
    "voice_label": 13
  }
},
{
  "model": "service_development.voiceservicesubelement",
  "pk": 45,
  "fields": {
    "service": 5,
    "creation_date": "2018-04-25T16:34:52.453Z",
    "modification_date": "2018-04-25T17:09:40.397Z",
    "name": "4",
    "description": "",
    "voice_label": 14
  }
},
{
  "model": "service_development.voiceservicesubelement",
  "pk": 46,
  "fields": {
    "service": 5,
    "creation_date": "2018-04-25T16:34:52.456Z",
    "modification_date": "2018-04-25T17:09:40.399Z",
    "name": "5",
    "description": "",
    "voice_label": 15
  }
},
{
  "model": "service_development.voiceservicesubelement",
  "pk": 47,
  "fields": {
    "service": 5,
    "creation_date": "2018-04-25T16:38:52.118Z",
    "modification_date": "2018-04-30T20:37:14.427Z",
    "name": "Your information has been added to your profile.",
    "description": "",
    "voice_label": 36
  }
},
{
  "model": "service_development.voiceservicesubelement",
  "pk": 48,
  "fields": {
    "service": 8,
    "creation_date": "2018-04-25T17:05:04.757Z",
    "modification_date": "2018-04-30T20:42:04.438Z",
    "name": "end_menu",
    "description": "End menu options",
    "voice_label": 38
  }
},
{
  "model": "service_development.voiceservicesubelement",
  "pk": 49,
  "fields": {
    "service": 8,
    "creation_date": "2018-04-25T17:05:04.762Z",
    "modification_date": "2018-04-25T17:42:32.336Z",
    "name": "1",
    "description": "go to main menu",
    "voice_label": 38
  }
},
{
  "model": "service_development.voiceservicesubelement",
  "pk": 50,
  "fields": {
    "service": 8,
    "creation_date": "2018-04-25T17:05:04.764Z",
    "modification_date": "2018-04-25T17:28:32.192Z",
    "name": "2",
    "description": "end call",
    "voice_label": 38
  }
},
{
  "model": "service_development.voiceservicesubelement",
  "pk": 51,
  "fields": {
    "service": 8,
    "creation_date": "2018-04-25T17:05:39.653Z",
    "modification_date": "2018-04-30T20:43:00.576Z",
    "name": "End call",
    "description": "Ending the call",
    "voice_label": 39
  }
},
{
  "model": "service_development.voiceservicesubelement",
  "pk": 52,
  "fields": {
    "service": 8,
    "creation_date": "2018-04-25T17:42:10.285Z",
    "modification_date": "2018-04-30T20:43:31.426Z",
    "name": "We will send you back to the main menu.",
    "description": "",
    "voice_label": 43
  }
},
{
  "model": "service_development.voiceservicesubelement",
  "pk": 53,
  "fields": {
    "service": 3,
    "creation_date": "2018-04-30T20:23:16.452Z",
    "modification_date": "2018-04-30T23:15:31.172Z",
    "name": "registration",
    "description": "To create an account, please say your first and last name.",
    "voice_label": 45
  }
},
{
  "model": "service_development.voiceservicesubelement",
  "pk": 54,
  "fields": {
    "service": 6,
    "creation_date": "2018-04-30T20:56:31.051Z",
    "modification_date": "2018-04-30T21:15:05.467Z",
    "name": "disease",
    "description": "What disease would you like to report?",
    "voice_label": 47
  }
},
{
  "model": "service_development.voiceservicesubelement",
  "pk": 55,
  "fields": {
    "service": 6,
    "creation_date": "2018-04-30T20:56:31.056Z",
    "modification_date": "2018-04-30T21:15:05.472Z",
    "name": "1",
    "description": "Newcastle Disease",
    "voice_label": 11
  }
},
{
  "model": "service_development.voiceservicesubelement",
  "pk": 56,
  "fields": {
    "service": 6,
    "creation_date": "2018-04-30T20:56:31.059Z",
    "modification_date": "2018-04-30T21:15:05.473Z",
    "name": "2",
    "description": "Chickenpox",
    "voice_label": 12
  }
},
{
  "model": "service_development.voiceservicesubelement",
  "pk": 57,
  "fields": {
    "service": 6,
    "creation_date": "2018-04-30T20:56:31.061Z",
    "modification_date": "2018-04-30T21:15:05.475Z",
    "name": "3",
    "description": "Infectious Bronchitis",
    "voice_label": 13
  }
},
{
  "model": "service_development.voiceservicesubelement",
  "pk": 58,
  "fields": {
    "service": 6,
    "creation_date": "2018-04-30T20:56:31.062Z",
    "modification_date": "2018-04-30T21:15:05.476Z",
    "name": "4",
    "description": "Gomburu",
    "voice_label": 14
  }
},
{
  "model": "service_development.voiceservicesubelement",
  "pk": 59,
  "fields": {
    "service": 6,
    "creation_date": "2018-04-30T21:14:25.506Z",
    "modification_date": "2018-04-30T21:21:24.528Z",
    "name": "amount_infected_chickens",
    "description": "How many of your chickens are infected with this disease?",
    "voice_label": 48
  }
},
{
  "model": "service_development.voiceservicesubelement",
  "pk": 60,
  "fields": {
    "service": 6,
    "creation_date": "2018-04-30T21:14:25.512Z",
    "modification_date": "2018-04-30T21:21:24.533Z",
    "name": "1",
    "description": "1",
    "voice_label": 11
  }
},
{
  "model": "service_development.voiceservicesubelement",
  "pk": 61,
  "fields": {
    "service": 6,
    "creation_date": "2018-04-30T21:14:25.515Z",
    "modification_date": "2018-04-30T21:21:24.536Z",
    "name": "2",
    "description": "2",
    "voice_label": 12
  }
},
{
  "model": "service_development.voiceservicesubelement",
  "pk": 62,
  "fields": {
    "service": 6,
    "creation_date": "2018-04-30T21:14:25.518Z",
    "modification_date": "2018-04-30T21:21:24.538Z",
    "name": "3",
    "description": "3",
    "voice_label": 13
  }
},
{
  "model": "service_development.voiceservicesubelement",
  "pk": 63,
  "fields": {
    "service": 6,
    "creation_date": "2018-04-30T21:14:25.520Z",
    "modification_date": "2018-04-30T21:21:24.541Z",
    "name": "4",
    "description": "4",
    "voice_label": 14
  }
},
{
  "model": "service_development.voiceservicesubelement",
  "pk": 64,
  "fields": {
    "service": 6,
    "creation_date": "2018-04-30T21:14:25.522Z",
    "modification_date": "2018-04-30T21:21:24.543Z",
    "name": "5",
    "description": "5",
    "voice_label": 15
  }
},
{
  "model": "service_development.voiceservicesubelement",
  "pk": 65,
  "fields": {
    "service": 6,
    "creation_date": "2018-04-30T21:14:25.524Z",
    "modification_date": "2018-04-30T21:21:24.545Z",
    "name": "6",
    "description": "6",
    "voice_label": 16
  }
},
{
  "model": "service_development.voiceservicesubelement",
  "pk": 66,
  "fields": {
    "service": 6,
    "creation_date": "2018-04-30T21:14:25.526Z",
    "modification_date": "2018-04-30T21:21:24.547Z",
    "name": "7",
    "description": "7",
    "voice_label": 17
  }
},
{
  "model": "service_development.voiceservicesubelement",
  "pk": 67,
  "fields": {
    "service": 6,
    "creation_date": "2018-04-30T21:14:25.528Z",
    "modification_date": "2018-04-30T21:21:24.549Z",
    "name": "8",
    "description": "8",
    "voice_label": 18
  }
},
{
  "model": "service_development.voiceservicesubelement",
  "pk": 68,
  "fields": {
    "service": 6,
    "creation_date": "2018-04-30T21:14:25.530Z",
    "modification_date": "2018-04-30T21:21:24.551Z",
    "name": "9",
    "description": "9",
    "voice_label": 19
  }
},
{
  "model": "service_development.voiceservicesubelement",
  "pk": 69,
  "fields": {
    "service": 6,
    "creation_date": "2018-04-30T21:14:25.532Z",
    "modification_date": "2018-04-30T21:21:24.553Z",
    "name": "0",
    "description": "0",
    "voice_label": 20
  }
},
{
  "model": "service_development.voiceservicesubelement",
  "pk": 70,
  "fields": {
    "service": 6,
    "creation_date": "2018-04-30T21:20:28.242Z",
    "modification_date": "2018-04-30T21:46:52.712Z",
    "name": "Thank you for reporting. We will make a note of this report.",
    "description": "",
    "voice_label": 49
  }
},
{
  "model": "service_development.voiceservicesubelement",
  "pk": 71,
  "fields": {
    "service": 6,
    "creation_date": "2018-04-30T21:36:14.124Z",
    "modification_date": "2018-04-30T21:47:34.680Z",
    "name": "another_disease",
    "description": "Would you like to report another infection?",
    "voice_label": 50
  }
},
{
  "model": "service_development.voiceservicesubelement",
  "pk": 72,
  "fields": {
    "service": 6,
    "creation_date": "2018-04-30T21:36:14.164Z",
    "modification_date": "2018-04-30T21:36:14.164Z",
    "name": "Yes",
    "description": "Yes",
    "voice_label": 31
  }
},
{
  "model": "service_development.voiceservicesubelement",
  "pk": 73,
  "fields": {
    "service": 6,
    "creation_date": "2018-04-30T21:36:14.166Z",
    "modification_date": "2018-04-30T21:47:34.686Z",
    "name": "No",
    "description": "No",
    "voice_label": 32
  }
},
{
  "model": "service_development.voiceservicesubelement",
  "pk": 74,
  "fields": {
    "service": 6,
    "creation_date": "2018-04-30T21:46:29.317Z",
    "modification_date": "2018-04-30T21:46:29.317Z",
    "name": "Alright, thank you.",
    "description": "",
    "voice_label": 51
  }
},
{
  "model": "service_development.voiceservicesubelement",
  "pk": 75,
  "fields": {
    "service": 7,
    "creation_date": "2018-04-30T22:42:47.512Z",
    "modification_date": "2018-04-30T22:49:14.008Z",
    "name": "amount_vaccinated",
    "description": "How many newborn chickens did you vaccinate?",
    "voice_label": 52
  }
},
{
  "model": "service_development.voiceservicesubelement",
  "pk": 76,
  "fields": {
    "service": 7,
    "creation_date": "2018-04-30T22:42:47.538Z",
    "modification_date": "2018-04-30T22:49:14.014Z",
    "name": "1",
    "description": "1",
    "voice_label": 11
  }
},
{
  "model": "service_development.voiceservicesubelement",
  "pk": 77,
  "fields": {
    "service": 7,
    "creation_date": "2018-04-30T22:42:47.541Z",
    "modification_date": "2018-04-30T22:49:14.017Z",
    "name": "2",
    "description": "2",
    "voice_label": 12
  }
},
{
  "model": "service_development.voiceservicesubelement",
  "pk": 78,
  "fields": {
    "service": 7,
    "creation_date": "2018-04-30T22:42:47.542Z",
    "modification_date": "2018-04-30T22:49:14.019Z",
    "name": "3",
    "description": "3",
    "voice_label": 13
  }
},
{
  "model": "service_development.voiceservicesubelement",
  "pk": 79,
  "fields": {
    "service": 7,
    "creation_date": "2018-04-30T22:42:47.544Z",
    "modification_date": "2018-04-30T22:49:14.021Z",
    "name": "4",
    "description": "4",
    "voice_label": 14
  }
},
{
  "model": "service_development.voiceservicesubelement",
  "pk": 80,
  "fields": {
    "service": 7,
    "creation_date": "2018-04-30T22:42:47.546Z",
    "modification_date": "2018-04-30T22:49:14.023Z",
    "name": "5",
    "description": "5",
    "voice_label": 15
  }
},
{
  "model": "service_development.voiceservicesubelement",
  "pk": 81,
  "fields": {
    "service": 7,
    "creation_date": "2018-04-30T22:42:47.548Z",
    "modification_date": "2018-04-30T22:49:14.025Z",
    "name": "6",
    "description": "6",
    "voice_label": 16
  }
},
{
  "model": "service_development.voiceservicesubelement",
  "pk": 82,
  "fields": {
    "service": 7,
    "creation_date": "2018-04-30T22:42:47.550Z",
    "modification_date": "2018-04-30T22:49:14.028Z",
    "name": "7",
    "description": "7",
    "voice_label": 17
  }
},
{
  "model": "service_development.voiceservicesubelement",
  "pk": 83,
  "fields": {
    "service": 7,
    "creation_date": "2018-04-30T22:42:47.552Z",
    "modification_date": "2018-04-30T22:49:14.030Z",
    "name": "8",
    "description": "8",
    "voice_label": 18
  }
},
{
  "model": "service_development.voiceservicesubelement",
  "pk": 84,
  "fields": {
    "service": 7,
    "creation_date": "2018-04-30T22:42:47.553Z",
    "modification_date": "2018-04-30T22:49:14.031Z",
    "name": "9",
    "description": "9",
    "voice_label": 19
  }
},
{
  "model": "service_development.voiceservicesubelement",
  "pk": 85,
  "fields": {
    "service": 7,
    "creation_date": "2018-04-30T22:42:47.555Z",
    "modification_date": "2018-04-30T22:49:14.032Z",
    "name": "0",
    "description": "0",
    "voice_label": 20
  }
},
{
  "model": "service_development.voiceservicesubelement",
  "pk": 86,
  "fields": {
    "service": 7,
    "creation_date": "2018-04-30T22:45:23.372Z",
    "modification_date": "2018-04-30T22:55:35.152Z",
    "name": "vaccination_date",
    "description": "",
    "voice_label": 53
  }
},
{
  "model": "service_development.voiceservicesubelement",
  "pk": 87,
  "fields": {
    "service": 7,
    "creation_date": "2018-04-30T22:45:23.377Z",
    "modification_date": "2018-04-30T22:49:43.498Z",
    "name": "Yes",
    "description": "Yes",
    "voice_label": 31
  }
},
{
  "model": "service_development.voiceservicesubelement",
  "pk": 88,
  "fields": {
    "service": 7,
    "creation_date": "2018-04-30T22:45:23.379Z",
    "modification_date": "2018-04-30T22:55:35.157Z",
    "name": "No",
    "description": "No",
    "voice_label": 32
  }
},
{
  "model": "service_development.voiceservicesubelement",
  "pk": 89,
  "fields": {
    "service": 7,
    "creation_date": "2018-04-30T22:48:08.316Z",
    "modification_date": "2018-04-30T22:48:08.316Z",
    "name": "Thank you for your vaccination report.",
    "description": "",
    "voice_label": 54
  }
},
{
  "model": "service_development.voiceservicesubelement",
  "pk": 90,
  "fields": {
    "service": 7,
    "creation_date": "2018-04-30T22:55:21.046Z",
    "modification_date": "2018-04-30T22:55:21.046Z",
    "name": "vac_days_ago",
    "description": "How many days ago were your chicken vaccinated? Enter the number of days ago.",
    "voice_label": 55
  }
},
{
  "model": "service_development.voiceservicesubelement",
  "pk": 91,
  "fields": {
    "service": 7,
    "creation_date": "2018-04-30T22:55:21.053Z",
    "modification_date": "2018-04-30T22:55:21.053Z",
    "name": "1",
    "description": "1",
    "voice_label": 11
  }
},
{
  "model": "service_development.voiceservicesubelement",
  "pk": 92,
  "fields": {
    "service": 7,
    "creation_date": "2018-04-30T22:55:21.057Z",
    "modification_date": "2018-04-30T22:55:21.057Z",
    "name": "2",
    "description": "2",
    "voice_label": 12
  }
},
{
  "model": "service_development.voiceservicesubelement",
  "pk": 93,
  "fields": {
    "service": 7,
    "creation_date": "2018-04-30T22:55:21.059Z",
    "modification_date": "2018-04-30T22:55:21.059Z",
    "name": "3",
    "description": "3",
    "voice_label": 13
  }
},
{
  "model": "service_development.voiceservicesubelement",
  "pk": 94,
  "fields": {
    "service": 7,
    "creation_date": "2018-04-30T22:55:21.061Z",
    "modification_date": "2018-04-30T22:55:21.061Z",
    "name": "4",
    "description": "4",
    "voice_label": 14
  }
},
{
  "model": "service_development.voiceservicesubelement",
  "pk": 95,
  "fields": {
    "service": 7,
    "creation_date": "2018-04-30T22:55:21.064Z",
    "modification_date": "2018-04-30T22:55:21.064Z",
    "name": "5",
    "description": "5",
    "voice_label": 15
  }
},
{
  "model": "service_development.voiceservicesubelement",
  "pk": 96,
  "fields": {
    "service": 7,
    "creation_date": "2018-04-30T22:55:21.066Z",
    "modification_date": "2018-04-30T22:55:21.066Z",
    "name": "6",
    "description": "6",
    "voice_label": 16
  }
},
{
  "model": "service_development.voiceservicesubelement",
  "pk": 97,
  "fields": {
    "service": 7,
    "creation_date": "2018-04-30T22:55:21.068Z",
    "modification_date": "2018-04-30T22:55:21.068Z",
    "name": "7",
    "description": "7",
    "voice_label": 17
  }
},
{
  "model": "service_development.voiceservicesubelement",
  "pk": 98,
  "fields": {
    "service": 7,
    "creation_date": "2018-04-30T22:55:21.070Z",
    "modification_date": "2018-04-30T22:55:21.070Z",
    "name": "8",
    "description": "8",
    "voice_label": 18
  }
},
{
  "model": "service_development.voiceservicesubelement",
  "pk": 99,
  "fields": {
    "service": 7,
    "creation_date": "2018-04-30T22:55:21.073Z",
    "modification_date": "2018-04-30T22:55:21.073Z",
    "name": "9",
    "description": "9",
    "voice_label": 19
  }
},
{
  "model": "service_development.voiceservicesubelement",
  "pk": 100,
  "fields": {
    "service": 7,
    "creation_date": "2018-04-30T22:55:21.076Z",
    "modification_date": "2018-04-30T22:55:21.076Z",
    "name": "0",
    "description": "0",
    "voice_label": 20
  }
},
{
  "model": "service_development.voiceserviceelement",
  "pk": 8,
  "fields": {}
},
{
  "model": "service_development.voiceserviceelement",
  "pk": 9,
  "fields": {}
},
{
  "model": "service_development.voiceserviceelement",
  "pk": 12,
  "fields": {}
},
{
  "model": "service_development.voiceserviceelement",
  "pk": 18,
  "fields": {}
},
{
  "model": "service_development.voiceserviceelement",
  "pk": 22,
  "fields": {}
},
{
  "model": "service_development.voiceserviceelement",
  "pk": 23,
  "fields": {}
},
{
  "model": "service_development.voiceserviceelement",
  "pk": 24,
  "fields": {}
},
{
  "model": "service_development.voiceserviceelement",
  "pk": 27,
  "fields": {}
},
{
  "model": "service_development.voiceserviceelement",
  "pk": 38,
  "fields": {}
},
{
  "model": "service_development.voiceserviceelement",
  "pk": 41,
  "fields": {}
},
{
  "model": "service_development.voiceserviceelement",
  "pk": 47,
  "fields": {}
},
{
  "model": "service_development.voiceserviceelement",
  "pk": 48,
  "fields": {}
},
{
  "model": "service_development.voiceserviceelement",
  "pk": 51,
  "fields": {}
},
{
  "model": "service_development.voiceserviceelement",
  "pk": 52,
  "fields": {}
},
{
  "model": "service_development.voiceserviceelement",
  "pk": 53,
  "fields": {}
},
{
  "model": "service_development.voiceserviceelement",
  "pk": 54,
  "fields": {}
},
{
  "model": "service_development.voiceserviceelement",
  "pk": 59,
  "fields": {}
},
{
  "model": "service_development.voiceserviceelement",
  "pk": 70,
  "fields": {}
},
{
  "model": "service_development.voiceserviceelement",
  "pk": 71,
  "fields": {}
},
{
  "model": "service_development.voiceserviceelement",
  "pk": 74,
  "fields": {}
},
{
  "model": "service_development.voiceserviceelement",
  "pk": 75,
  "fields": {}
},
{
  "model": "service_development.voiceserviceelement",
  "pk": 86,
  "fields": {}
},
{
  "model": "service_development.voiceserviceelement",
  "pk": 89,
  "fields": {}
},
{
  "model": "service_development.voiceserviceelement",
  "pk": 90,
  "fields": {}
},
{
  "model": "service_development.voiceservice",
  "pk": 2,
  "fields": {
    "name": "Welcome and registration checker",
    "description": "Welcome user and checks if user is already registered",
    "creation_date": "2018-04-25T10:15:01.996Z",
    "modification_date": "2018-05-01T20:39:26.242Z",
    "active": true,
    "_start_element": 9,
    "registration": "preferred",
    "registration_language": true,
    "registration_name": false,
    "supported_languages": [
      2,
      3
    ]
  }
},
{
  "model": "service_development.voiceservice",
  "pk": 3,
  "fields": {
    "name": "Account creator",
    "description": "Creates new user account",
    "creation_date": "2018-04-25T11:00:47.887Z",
    "modification_date": "2018-05-01T20:37:09.203Z",
    "active": true,
    "_start_element": 12,
    "registration": "preferred",
    "registration_language": true,
    "registration_name": false,
    "supported_languages": [
      2,
      3
    ]
  }
},
{
  "model": "service_development.voiceservice",
  "pk": 4,
  "fields": {
    "name": "Main menu",
    "description": "Main menu selection",
    "creation_date": "2018-04-25T12:13:41.557Z",
    "modification_date": "2018-05-01T20:37:17.295Z",
    "active": true,
    "_start_element": 18,
    "registration": "preferred",
    "registration_language": true,
    "registration_name": false,
    "supported_languages": [
      2,
      3
    ]
  }
},
{
  "model": "service_development.voiceservice",
  "pk": 5,
  "fields": {
    "name": "Newborns",
    "description": "Reporting newborn chicks.",
    "creation_date": "2018-04-25T12:47:57.935Z",
    "modification_date": "2018-04-30T21:50:03.067Z",
    "active": true,
    "_start_element": 27,
    "registration": "preferred",
    "registration_language": true,
    "registration_name": false,
    "supported_languages": [
      2,
      3
    ]
  }
},
{
  "model": "service_development.voiceservice",
  "pk": 6,
  "fields": {
    "name": "Disease notification",
    "description": "Reporting chicken disease.",
    "creation_date": "2018-04-25T13:18:22.855Z",
    "modification_date": "2018-04-30T21:48:52.032Z",
    "active": true,
    "_start_element": 54,
    "registration": "preferred",
    "registration_language": true,
    "registration_name": false,
    "supported_languages": [
      2,
      3
    ]
  }
},
{
  "model": "service_development.voiceservice",
  "pk": 7,
  "fields": {
    "name": "Vaccination notification",
    "description": "Reporting a vaccination.",
    "creation_date": "2018-04-25T13:19:25.402Z",
    "modification_date": "2018-04-25T15:04:04.875Z",
    "active": true,
    "_start_element": 24,
    "registration": "preferred",
    "registration_language": true,
    "registration_name": false,
    "supported_languages": [
      2,
      3
    ]
  }
},
{
  "model": "service_development.voiceservice",
  "pk": 8,
  "fields": {
    "name": "End menu",
    "description": "End menu options",
    "creation_date": "2018-04-25T16:49:09.133Z",
    "modification_date": "2018-04-25T17:43:08.237Z",
    "active": true,
    "_start_element": 48,
    "registration": "preferred",
    "registration_language": true,
    "registration_name": false,
    "supported_languages": [
      2,
      3
    ]
  }
},
{
  "model": "service_development.kasadakauser",
  "pk": 2,
  "fields": {
    "caller_id": "123",
    "first_name": "John",
    "last_name": "Williams",
    "creation_date": "2018-04-30T17:42:21.678Z",
    "modification_date": "2018-04-30T17:42:21.678Z",
    "language": 2,
    "service": 2
  }
},
{
  "model": "service_development.callsession",
  "pk": 1,
  "fields": {
    "start": "2018-04-30T14:37:14.835Z",
    "end": null,
    "user": null,
    "caller_id": null,
    "service": 2,
    "_language": null
  }
},
{
  "model": "service_development.callsession",
  "pk": 2,
  "fields": {
    "start": "2018-04-30T14:38:35.511Z",
    "end": null,
    "user": null,
    "caller_id": null,
    "service": 2,
    "_language": null
  }
},
{
  "model": "service_development.callsession",
  "pk": 3,
  "fields": {
    "start": "2018-04-30T14:43:03.286Z",
    "end": null,
    "user": null,
    "caller_id": null,
    "service": 2,
    "_language": null
  }
},
{
  "model": "service_development.callsession",
  "pk": 4,
  "fields": {
    "start": "2018-04-30T17:07:20.391Z",
    "end": null,
    "user": null,
    "caller_id": null,
    "service": 2,
    "_language": null
  }
},
{
  "model": "service_development.callsession",
  "pk": 5,
  "fields": {
    "start": "2018-04-30T17:22:34.240Z",
    "end": null,
    "user": null,
    "caller_id": "4",
    "service": 2,
    "_language": null
  }
},
{
  "model": "service_development.callsession",
  "pk": 6,
  "fields": {
    "start": "2018-04-30T17:37:03.880Z",
    "end": null,
    "user": null,
    "caller_id": null,
    "service": 3,
    "_language": null
  }
},
{
  "model": "service_development.callsession",
  "pk": 7,
  "fields": {
    "start": "2018-04-30T17:38:14.917Z",
    "end": null,
    "user": null,
    "caller_id": null,
    "service": 5,
    "_language": null
  }
},
{
  "model": "service_development.callsession",
  "pk": 8,
  "fields": {
    "start": "2018-04-30T17:43:08.961Z",
    "end": "2018-05-01T11:22:52.500Z",
    "user": 2,
    "caller_id": "123",
    "service": 2,
    "_language": 2
  }
},
{
  "model": "service_development.callsession",
  "pk": 9,
  "fields": {
    "start": "2018-04-30T17:57:29.494Z",
    "end": "2018-04-30T17:57:30.218Z",
    "user": 2,
    "caller_id": "123",
    "service": 2,
    "_language": 2
  }
},
{
  "model": "service_development.callsession",
  "pk": 10,
  "fields": {
    "start": "2018-04-30T18:34:12.570Z",
    "end": null,
    "user": null,
    "caller_id": null,
    "service": 2,
    "_language": null
  }
},
{
  "model": "service_development.callsession",
  "pk": 11,
  "fields": {
    "start": "2018-05-01T11:24:24.525Z",
    "end": "2018-05-01T11:24:25.158Z",
    "user": 2,
    "caller_id": "123",
    "service": 2,
    "_language": 2
  }
},
{
  "model": "service_development.callsession",
  "pk": 12,
  "fields": {
    "start": "2018-05-01T11:24:32.958Z",
    "end": null,
    "user": null,
    "caller_id": "123",
    "service": 3,
    "_language": null
  }
},
{
  "model": "service_development.callsession",
  "pk": 13,
  "fields": {
    "start": "2018-05-01T11:24:40.335Z",
    "end": null,
    "user": null,
    "caller_id": "123",
    "service": 4,
    "_language": null
  }
},
{
  "model": "service_development.callsession",
  "pk": 14,
  "fields": {
    "start": "2018-05-01T13:57:03.896Z",
    "end": null,
    "user": null,
    "caller_id": "123",
    "service": 5,
    "_language": null
  }
},
{
  "model": "service_development.callsession",
  "pk": 15,
  "fields": {
    "start": "2018-05-01T13:57:24.664Z",
    "end": "2018-05-01T13:57:26.424Z",
    "user": 2,
    "caller_id": "123",
    "service": 2,
    "_language": 2
  }
},
{
  "model": "service_development.callsession",
  "pk": 16,
  "fields": {
    "start": "2018-05-01T13:57:44.708Z",
    "end": null,
    "user": null,
    "caller_id": "123",
    "service": 3,
    "_language": null
  }
},
{
  "model": "service_development.callsession",
  "pk": 17,
  "fields": {
    "start": "2018-05-01T13:58:07.118Z",
    "end": null,
    "user": null,
    "caller_id": "123",
    "service": 4,
    "_language": null
  }
},
{
  "model": "service_development.callsession",
  "pk": 18,
  "fields": {
    "start": "2018-05-01T13:58:21.163Z",
    "end": null,
    "user": null,
    "caller_id": "1",
    "service": 4,
    "_language": null
  }
},
{
  "model": "service_development.callsession",
  "pk": 19,
  "fields": {
    "start": "2018-05-01T13:58:39.431Z",
    "end": null,
    "user": null,
    "caller_id": "123",
    "service": 4,
    "_language": null
  }
},
{
  "model": "service_development.callsession",
  "pk": 20,
  "fields": {
    "start": "2018-05-01T20:35:03.069Z",
    "end": "2018-05-01T20:35:03.631Z",
    "user": 2,
    "caller_id": "123",
    "service": 2,
    "_language": 2
  }
},
{
  "model": "service_development.callsession",
  "pk": 21,
  "fields": {
    "start": "2018-05-01T20:35:16.813Z",
    "end": null,
    "user": null,
    "caller_id": "123",
    "service": 3,
    "_language": null
  }
},
{
  "model": "service_development.callsession",
  "pk": 22,
  "fields": {
    "start": "2018-05-01T20:35:24.225Z",
    "end": null,
    "user": null,
    "caller_id": "123",
    "service": 4,
    "_language": null
  }
},
{
  "model": "service_development.callsession",
  "pk": 23,
  "fields": {
    "start": "2018-05-01T20:35:33.321Z",
    "end": null,
    "user": null,
    "caller_id": "123",
    "service": 5,
    "_language": null
  }
},
{
  "model": "service_development.callsessionstep",
  "pk": 1,
  "fields": {
    "time": "2018-04-30T17:43:09.839Z",
    "session": 8,
    "_visited_element": 9,
    "description": null
  }
},
{
  "model": "service_development.callsessionstep",
  "pk": 2,
  "fields": {
    "time": "2018-04-30T17:57:30.354Z",
    "session": 9,
    "_visited_element": 9,
    "description": null
  }
},
{
  "model": "service_development.callsessionstep",
  "pk": 3,
  "fields": {
    "time": "2018-04-30T18:01:34.560Z",
    "session": 8,
    "_visited_element": 9,
    "description": null
  }
},
{
  "model": "service_development.callsessionstep",
  "pk": 4,
  "fields": {
    "time": "2018-04-30T18:34:39.319Z",
    "session": 8,
    "_visited_element": 9,
    "description": null
  }
},
{
  "model": "service_development.callsessionstep",
  "pk": 5,
  "fields": {
    "time": "2018-04-30T18:43:37.876Z",
    "session": 8,
    "_visited_element": 9,
    "description": null
  }
},
{
  "model": "service_development.callsessionstep",
  "pk": 6,
  "fields": {
    "time": "2018-04-30T18:44:13.976Z",
    "session": 8,
    "_visited_element": 9,
    "description": null
  }
},
{
  "model": "service_development.callsessionstep",
  "pk": 7,
  "fields": {
    "time": "2018-04-30T18:44:38.502Z",
    "session": 8,
    "_visited_element": 8,
    "description": null
  }
},
{
  "model": "service_development.callsessionstep",
  "pk": 8,
  "fields": {
    "time": "2018-04-30T18:44:54.054Z",
    "session": 8,
    "_visited_element": 9,
    "description": null
  }
},
{
  "model": "service_development.callsessionstep",
  "pk": 9,
  "fields": {
    "time": "2018-04-30T18:49:40.927Z",
    "session": 8,
    "_visited_element": 12,
    "description": null
  }
},
{
  "model": "service_development.callsessionstep",
  "pk": 10,
  "fields": {
    "time": "2018-04-30T18:49:59.480Z",
    "session": 8,
    "_visited_element": 12,
    "description": null
  }
},
{
  "model": "service_development.callsessionstep",
  "pk": 11,
  "fields": {
    "time": "2018-04-30T23:18:47.952Z",
    "session": 8,
    "_visited_element": 12,
    "description": null
  }
},
{
  "model": "service_development.callsessionstep",
  "pk": 12,
  "fields": {
    "time": "2018-04-30T23:19:08.242Z",
    "session": 8,
    "_visited_element": 8,
    "description": null
  }
},
{
  "model": "service_development.callsessionstep",
  "pk": 13,
  "fields": {
    "time": "2018-04-30T23:22:47.739Z",
    "session": 8,
    "_visited_element": 18,
    "description": null
  }
},
{
  "model": "service_development.callsessionstep",
  "pk": 14,
  "fields": {
    "time": "2018-05-01T11:22:52.631Z",
    "session": 8,
    "_visited_element": 9,
    "description": null
  }
},
{
  "model": "service_development.callsessionstep",
  "pk": 15,
  "fields": {
    "time": "2018-05-01T11:24:25.304Z",
    "session": 11,
    "_visited_element": 9,
    "description": null
  }
},
{
  "model": "service_development.callsessionstep",
  "pk": 16,
  "fields": {
    "time": "2018-05-01T13:57:26.808Z",
    "session": 15,
    "_visited_element": 9,
    "description": null
  }
},
{
  "model": "service_development.callsessionstep",
  "pk": 17,
  "fields": {
    "time": "2018-05-01T20:35:03.756Z",
    "session": 20,
    "_visited_element": 9,
    "description": null
  }
},
{
  "model": "service_development.choice",
  "pk": 9,
  "fields": {}
},
{
  "model": "service_development.choice",
  "pk": 18,
  "fields": {}
},
{
  "model": "service_development.choice",
  "pk": 27,
  "fields": {}
},
{
  "model": "service_development.choice",
  "pk": 38,
  "fields": {}
},
{
  "model": "service_development.choice",
  "pk": 41,
  "fields": {}
},
{
  "model": "service_development.choice",
  "pk": 48,
  "fields": {}
},
{
  "model": "service_development.choice",
  "pk": 54,
  "fields": {}
},
{
  "model": "service_development.choice",
  "pk": 59,
  "fields": {}
},
{
  "model": "service_development.choice",
  "pk": 71,
  "fields": {}
},
{
  "model": "service_development.choice",
  "pk": 75,
  "fields": {}
},
{
  "model": "service_development.choice",
  "pk": 86,
  "fields": {}
},
{
  "model": "service_development.choice",
  "pk": 90,
  "fields": {}
},
{
  "model": "service_development.choiceoption",
  "pk": 10,
  "fields": {
    "parent": 9,
    "_redirect": 8
  }
},
{
  "model": "service_development.choiceoption",
  "pk": 11,
  "fields": {
    "parent": 9,
    "_redirect": 12
  }
},
{
  "model": "service_development.choiceoption",
  "pk": 19,
  "fields": {
    "parent": 18,
    "_redirect": 22
  }
},
{
  "model": "service_development.choiceoption",
  "pk": 20,
  "fields": {
    "parent": 18,
    "_redirect": 23
  }
},
{
  "model": "service_development.choiceoption",
  "pk": 21,
  "fields": {
    "parent": 18,
    "_redirect": 24
  }
},
{
  "model": "service_development.choiceoption",
  "pk": 28,
  "fields": {
    "parent": 27,
    "_redirect": 38
  }
},
{
  "model": "service_development.choiceoption",
  "pk": 29,
  "fields": {
    "parent": 27,
    "_redirect": 38
  }
},
{
  "model": "service_development.choiceoption",
  "pk": 30,
  "fields": {
    "parent": 27,
    "_redirect": 38
  }
},
{
  "model": "service_development.choiceoption",
  "pk": 31,
  "fields": {
    "parent": 27,
    "_redirect": 38
  }
},
{
  "model": "service_development.choiceoption",
  "pk": 32,
  "fields": {
    "parent": 27,
    "_redirect": 38
  }
},
{
  "model": "service_development.choiceoption",
  "pk": 33,
  "fields": {
    "parent": 27,
    "_redirect": 38
  }
},
{
  "model": "service_development.choiceoption",
  "pk": 34,
  "fields": {
    "parent": 27,
    "_redirect": 38
  }
},
{
  "model": "service_development.choiceoption",
  "pk": 35,
  "fields": {
    "parent": 27,
    "_redirect": 38
  }
},
{
  "model": "service_development.choiceoption",
  "pk": 36,
  "fields": {
    "parent": 27,
    "_redirect": 38
  }
},
{
  "model": "service_development.choiceoption",
  "pk": 37,
  "fields": {
    "parent": 27,
    "_redirect": 38
  }
},
{
  "model": "service_development.choiceoption",
  "pk": 39,
  "fields": {
    "parent": 38,
    "_redirect": 47
  }
},
{
  "model": "service_development.choiceoption",
  "pk": 40,
  "fields": {
    "parent": 38,
    "_redirect": 41
  }
},
{
  "model": "service_development.choiceoption",
  "pk": 42,
  "fields": {
    "parent": 41,
    "_redirect": 47
  }
},
{
  "model": "service_development.choiceoption",
  "pk": 43,
  "fields": {
    "parent": 41,
    "_redirect": 47
  }
},
{
  "model": "service_development.choiceoption",
  "pk": 44,
  "fields": {
    "parent": 41,
    "_redirect": 47
  }
},
{
  "model": "service_development.choiceoption",
  "pk": 45,
  "fields": {
    "parent": 41,
    "_redirect": 47
  }
},
{
  "model": "service_development.choiceoption",
  "pk": 46,
  "fields": {
    "parent": 41,
    "_redirect": 47
  }
},
{
  "model": "service_development.choiceoption",
  "pk": 49,
  "fields": {
    "parent": 48,
    "_redirect": 52
  }
},
{
  "model": "service_development.choiceoption",
  "pk": 50,
  "fields": {
    "parent": 48,
    "_redirect": 51
  }
},
{
  "model": "service_development.choiceoption",
  "pk": 55,
  "fields": {
    "parent": 54,
    "_redirect": 59
  }
},
{
  "model": "service_development.choiceoption",
  "pk": 56,
  "fields": {
    "parent": 54,
    "_redirect": 59
  }
},
{
  "model": "service_development.choiceoption",
  "pk": 57,
  "fields": {
    "parent": 54,
    "_redirect": 59
  }
},
{
  "model": "service_development.choiceoption",
  "pk": 58,
  "fields": {
    "parent": 54,
    "_redirect": 59
  }
},
{
  "model": "service_development.choiceoption",
  "pk": 60,
  "fields": {
    "parent": 59,
    "_redirect": 70
  }
},
{
  "model": "service_development.choiceoption",
  "pk": 61,
  "fields": {
    "parent": 59,
    "_redirect": 70
  }
},
{
  "model": "service_development.choiceoption",
  "pk": 62,
  "fields": {
    "parent": 59,
    "_redirect": 70
  }
},
{
  "model": "service_development.choiceoption",
  "pk": 63,
  "fields": {
    "parent": 59,
    "_redirect": 70
  }
},
{
  "model": "service_development.choiceoption",
  "pk": 64,
  "fields": {
    "parent": 59,
    "_redirect": 70
  }
},
{
  "model": "service_development.choiceoption",
  "pk": 65,
  "fields": {
    "parent": 59,
    "_redirect": 70
  }
},
{
  "model": "service_development.choiceoption",
  "pk": 66,
  "fields": {
    "parent": 59,
    "_redirect": 70
  }
},
{
  "model": "service_development.choiceoption",
  "pk": 67,
  "fields": {
    "parent": 59,
    "_redirect": 70
  }
},
{
  "model": "service_development.choiceoption",
  "pk": 68,
  "fields": {
    "parent": 59,
    "_redirect": 70
  }
},
{
  "model": "service_development.choiceoption",
  "pk": 69,
  "fields": {
    "parent": 59,
    "_redirect": 70
  }
},
{
  "model": "service_development.choiceoption",
  "pk": 72,
  "fields": {
    "parent": 71,
    "_redirect": 54
  }
},
{
  "model": "service_development.choiceoption",
  "pk": 73,
  "fields": {
    "parent": 71,
    "_redirect": 74
  }
},
{
  "model": "service_development.choiceoption",
  "pk": 76,
  "fields": {
    "parent": 75,
    "_redirect": 86
  }
},
{
  "model": "service_development.choiceoption",
  "pk": 77,
  "fields": {
    "parent": 75,
    "_redirect": 86
  }
},
{
  "model": "service_development.choiceoption",
  "pk": 78,
  "fields": {
    "parent": 75,
    "_redirect": 86
  }
},
{
  "model": "service_development.choiceoption",
  "pk": 79,
  "fields": {
    "parent": 75,
    "_redirect": 86
  }
},
{
  "model": "service_development.choiceoption",
  "pk": 80,
  "fields": {
    "parent": 75,
    "_redirect": 86
  }
},
{
  "model": "service_development.choiceoption",
  "pk": 81,
  "fields": {
    "parent": 75,
    "_redirect": 86
  }
},
{
  "model": "service_development.choiceoption",
  "pk": 82,
  "fields": {
    "parent": 75,
    "_redirect": 86
  }
},
{
  "model": "service_development.choiceoption",
  "pk": 83,
  "fields": {
    "parent": 75,
    "_redirect": 86
  }
},
{
  "model": "service_development.choiceoption",
  "pk": 84,
  "fields": {
    "parent": 75,
    "_redirect": 86
  }
},
{
  "model": "service_development.choiceoption",
  "pk": 85,
  "fields": {
    "parent": 75,
    "_redirect": 86
  }
},
{
  "model": "service_development.choiceoption",
  "pk": 87,
  "fields": {
    "parent": 86,
    "_redirect": 89
  }
},
{
  "model": "service_development.choiceoption",
  "pk": 88,
  "fields": {
    "parent": 86,
    "_redirect": 90
  }
},
{
  "model": "service_development.choiceoption",
  "pk": 91,
  "fields": {
    "parent": 90,
    "_redirect": 89
  }
},
{
  "model": "service_development.choiceoption",
  "pk": 92,
  "fields": {
    "parent": 90,
    "_redirect": 89
  }
},
{
  "model": "service_development.choiceoption",
  "pk": 93,
  "fields": {
    "parent": 90,
    "_redirect": 89
  }
},
{
  "model": "service_development.choiceoption",
  "pk": 94,
  "fields": {
    "parent": 90,
    "_redirect": 89
  }
},
{
  "model": "service_development.choiceoption",
  "pk": 95,
  "fields": {
    "parent": 90,
    "_redirect": 89
  }
},
{
  "model": "service_development.choiceoption",
  "pk": 96,
  "fields": {
    "parent": 90,
    "_redirect": 89
  }
},
{
  "model": "service_development.choiceoption",
  "pk": 97,
  "fields": {
    "parent": 90,
    "_redirect": 89
  }
},
{
  "model": "service_development.choiceoption",
  "pk": 98,
  "fields": {
    "parent": 90,
    "_redirect": 89
  }
},
{
  "model": "service_development.choiceoption",
  "pk": 99,
  "fields": {
    "parent": 90,
    "_redirect": 89
  }
},
{
  "model": "service_development.choiceoption",
  "pk": 100,
  "fields": {
    "parent": 90,
    "_redirect": 89
  }
},
{
  "model": "service_development.messagepresentation",
  "pk": 8,
  "fields": {
    "final_element": false,
    "_redirect": 18
  }
},
{
  "model": "service_development.messagepresentation",
  "pk": 12,
  "fields": {
    "final_element": false,
    "_redirect": 53
  }
},
{
  "model": "service_development.messagepresentation",
  "pk": 22,
  "fields": {
    "final_element": false,
    "_redirect": 27
  }
},
{
  "model": "service_development.messagepresentation",
  "pk": 23,
  "fields": {
    "final_element": false,
    "_redirect": 54
  }
},
{
  "model": "service_development.messagepresentation",
  "pk": 24,
  "fields": {
    "final_element": false,
    "_redirect": 75
  }
},
{
  "model": "service_development.messagepresentation",
  "pk": 47,
  "fields": {
    "final_element": false,
    "_redirect": 48
  }
},
{
  "model": "service_development.messagepresentation",
  "pk": 51,
  "fields": {
    "final_element": true,
    "_redirect": null
  }
},
{
  "model": "service_development.messagepresentation",
  "pk": 52,
  "fields": {
    "final_element": false,
    "_redirect": 18
  }
},
{
  "model": "service_development.messagepresentation",
  "pk": 70,
  "fields": {
    "final_element": false,
    "_redirect": 71
  }
},
{
  "model": "service_development.messagepresentation",
  "pk": 74,
  "fields": {
    "final_element": false,
    "_redirect": 51
  }
},
{
  "model": "service_development.messagepresentation",
  "pk": 89,
  "fields": {
    "final_element": false,
    "_redirect": 48
  }
},
{
  "model": "service_development.userinputcategory",
  "pk": 1,
  "fields": {
    "name": "User registrations",
    "description": "New user registrations",
    "service": 3
  }
},
{
  "model": "service_development.record",
  "pk": 53,
  "fields": {
    "not_heard_voice_label": null,
    "barge_in": false,
    "repeat_recording_to_caller": false,
    "repeat_voice_label": null,
    "ask_confirmation": false,
    "ask_confirmation_voice_label": null,
    "final_voice_label": 57,
    "input_category": 1,
    "max_time_input": 180,
    "_redirect": 8
  }
}
]